SKU,Item Name,Unit Price (excl. VAT),Qty
01 Ice Ice Baby -HTF,01 Ice Ice Baby -HTF,7.41,
02 Cotton Candy -HTF,02 Cotton Candy -HTF,7.41,
02B Sweetheart -HTF,02B Sweetheart -HTF,7.41,
02C Ballet Shoes -HTF,02C Ballet Shoes -HTF,7.41,
02D Le Culotté -HTF,02D Le Culotté -HTF,7.41,
02E Co Co Co Carde -HTF,02E Co Co Co Carde -HTF,7.41,
02F Oh Marie Oh Marie -HTF,02F Oh Marie Oh Marie -HTF,7.41,
02G Riviera Rose -HTF,02G Riviera Rose -HTF,7.41,
02H Rose Bonbon -HTF,02H Rose Bonbon -HTF,7.41,
02I Ok Baby -HTF,02I Ok Baby -HTF,7.41,
FR01 Egalité -HTF,FR01 Egalité -HTF,7.41,
FR02 Fraternité -HTF,FR02 Fraternité -HTF,7.41,
FR03 Garnet -HTF,FR03 Garnet -HTF,7.41,
FR04 Living Coral -HTF,FR04 Living Coral -HTF,7.41,
FR05 Almond Glaze -HTF,FR05 Almond Glaze -HTF,7.41,
FR06 The Perfect Nude -HTF,FR06 The Perfect Nude -HTF,7.41,
FR07 Glitter Petal,FR07 Glitter Petal,7.41,
FR08 Ice Drop -HTF,FR08 Ice Drop -HTF,7.41,
N001 Geisha Girl -HTF,N001 Geisha Girl -HTF,7.41,
N002 Cashmere -HTF,N002 Cashmere -HTF,7.41,
N003 Porcelain -HTF,N003 Porcelain -HTF,7.41,
N004 Spun Sugar -HTF,N004 Spun Sugar -HTF,7.41,
N005 Burberry Blush -HTF,N005 Burberry Blush -HTF,7.41,
N006 Chanterel -HTF,N006 Chanterel -HTF,7.41,
N007 Naked Beauty -HTF,N007 Naked Beauty -HTF,7.41,
N008 If The Shoe Fits -HTF,N008 If The Shoe Fits -HTF,7.41,
N009 Blushing Bride -HTF,N009 Blushing Bride -HTF,7.41,
N010 Frappelicious -HTF,N010 Frappelicious -HTF,7.41,
N011 Berry Me Softly -HTF,N011 Berry Me Softly -HTF,7.41,
N012 Fluffy Blue Sky -HTF,N012 Fluffy Blue Sky -HTF,7.41,
N013 Antique -HTF,N013 Antique -HTF,7.41,
N014 Sugarcane -HTF,N014 Sugarcane -HTF,7.41,
N015 Celestial -HTF,N015 Celestial -HTF,7.41,
N016 Wild Card -HTF,N016 Wild Card -HTF,7.41,
N017 Pale Petal -HTF,N017 Pale Petal -HTF,7.41,
N018 Chic -HTF,N018 Chic -HTF,7.41,
N019 Luxe Linen -HTF,N019 Luxe Linen -HTF,7.41,
N020 Beige Bliss -HTF,N020 Beige Bliss -HTF,7.41,
N021 Soft Mocha -HTF,N021 Soft Mocha -HTF,7.41,
N022 Blushing Buff -HTF,N022 Blushing Buff -HTF,7.41,
N023 Princess Diaries -HTF,N023 Princess Diaries -HTF,7.41,
N024 New Porn Pink -HTF,N024 New Porn Pink -HTF,7.41,
N025 Latte Mouse -HTF,N025 Latte Mouse -HTF,7.41,
N026 Whispering Blush -HTF,N026 Whispering Blush -HTF,7.41,
03 In the Flesh -HTF,03 In the Flesh -HTF,7.41,
04 Milkyway -HTF,04 Milkyway -HTF,7.41,
05 Snow Queen -HTF,05 Snow Queen -HTF,7.41,
06 Spring Breath -HTF,06 Spring Breath -HTF,7.41,
07 Lavender Dreams -HTF,07 Lavender Dreams -HTF,7.41,
07B Liberte -HTF,07B Liberte -HTF,7.41,
07C Allons Danton -HTF,07C Allons Danton -HTF,7.41,
07D Tulle Taupe -HTF,07D Tulle Taupe -HTF,7.41,
08 Ivory -HTF,08 Ivory -HTF,7.41,
08A Tusker -HTF,08A Tusker -HTF,7.41,
08B Save the Kalasha -HTF,08B Save the Kalasha -HTF,7.41,
08D Snowy Tree Tops -HTF,08D Snowy Tree Tops -HTF,7.41,
08E Ivory Sparkle -HTF,08E Ivory Sparkle -HTF,7.41,
08F Soft Devotion -HTF,08F Soft Devotion -HTF,7.41,
09 Coco Nude -HTF,09 Coco Nude -HTF,7.41,
09A Au Pli Louis -HTF,09A Au Pli Louis -HTF,7.41,
09B Knock Off -HTF,09B Knock Off -HTF,7.41,
10 Bridal Bliss -HTF,10 Bridal Bliss -HTF,7.41,
11 Nimbus -HTF,11 Nimbus -HTF,7.41,
12 Stratus -HTF,12 Stratus -HTF,7.41,
13 Purple Rain -HTF,13 Purple Rain -HTF,7.41,
14 Matriarch -HTF,14 Matriarch -HTF,7.41,
15 Total Eclipse -HTF,15 Total Eclipse -HTF,7.41,
15A Mohana -HTF,15A Mohana -HTF,7.41,
16 Black Hot Chilli Peppers -HTF,16 Black Hot Chilli Peppers -HTF,7.41,
17 Bruised Ego -HTF,17 Bruised Ego -HTF,7.41,
18 Violet Nights -HTF,18 Violet Nights -HTF,7.41,
19 Kelp Me -HTF,19 Kelp Me -HTF,7.41,
20 Lemon Swirl -HTF,20 Lemon Swirl -HTF,7.41,
20A Chiffon -HTF,20A Chiffon -HTF,7.41,
20B Tie A Yellow Ribbon -HTF,20B Tie A Yellow Ribbon -HTF,7.41,
20C Dawn Patrol -HTF,20C Dawn Patrol -HTF,7.41,
21 Mikado -HTF,21 Mikado -HTF,7.41,
21A Hungover -HTF,21A Hungover -HTF,7.41,
22 Havanna Banana -HTF,22 Havanna Banana -HTF,7.41,
23 Jupe-Jupe -HTF,23 Jupe-Jupe -HTF,7.41,
24 Pink-A-Boo -HTF,24 Pink-A-Boo -HTF,7.41,
25 Glowstick -HTF,25 Glowstick -HTF,7.41,
26 Electric Lime -HTF,26 Electric Lime -HTF,7.41,
27 Atomic Tangerine -HTF,27 Atomic Tangerine -HTF,7.41,
27A Sex Wax -HTF,27A Sex Wax -HTF,7.41,
28 Working Girl -HTF,28 Working Girl -HTF,7.41,
28A Stripper -HTF,28A Stripper -HTF,7.41,
29 Screaming Queen -HTF,29 Screaming Queen -HTF,7.41,
29A Dz Dz Dzzzzz -HTF,29A Dz Dz Dzzzzz -HTF,7.41,
30 Manilla Buff -HTF,30 Manilla Buff -HTF,7.41,
31 Just Peachy -HTF,31 Just Peachy -HTF,7.41,
32 Oranya -HTF,32 Oranya -HTF,7.41,
34 Papaya Cream -HTF,34 Papaya Cream -HTF,7.41,
33 Finding Nemo -HTF,33 Finding Nemo -HTF,7.41,
34B Stop using Me -HTF,34B Stop using Me -HTF,7.41,
35 Tropicana -HTF,35 Tropicana -HTF,7.41,
36 Carmine -HTF,36 Carmine -HTF,7.41,
37 Sanguini -HTF,37 Sanguini -HTF,7.41,
38 Under the Cover -HTF,38 Under the Cover -HTF,7.41,
39 Mandarinia -HTF,39 Mandarinia -HTF,7.41,
40 Juicy Lucy -HTF,40 Juicy Lucy -HTF,7.41,
41 Dancing with Attitude -HTF,41 Dancing with Attitude -HTF,7.41,
50 Reckless -HTF,50 Reckless -HTF,7.41,
51 Very Berry -HTF,51 Very Berry -HTF,7.41,
51A Raspberry Ripple -HTF,51A Raspberry Ripple -HTF,7.41,
52 Mailbox -HTF,52 Mailbox -HTF,7.41,
53 Cabernet -HTF,53 Cabernet -HTF,7.41,
54 Seduce Me -HTF,54 Seduce Me -HTF,7.41,
55 Passion-8 -HTF,55 Passion-8 -HTF,7.41,
56 Ker-A-Sie -HTF,56 Ker-A-Sie -HTF,7.41,
57 Throw-A-Flame -HTF,57 Throw-A-Flame -HTF,7.41,
58 Cherri-O-Baby -HTF,58 Cherri-O-Baby -HTF,7.41,
59 Try Everything Once -HTF,59 Try Everything Once -HTF,7.41,
60 Candy Apple -HTF,60 Candy Apple -HTF,7.41,
61 Bite Me -HTF,61 Bite Me -HTF,7.41,
62 RedRum -HTF,62 RedRum -HTF,7.41,
63 Sangria Talking -HTF,63 Sangria Talking -HTF,7.41,
64 Tuscany -HTF,64 Tuscany -HTF,7.41,
70 Bubbles -HTF,70 Bubbles -HTF,7.41,
701 Portside -HTF,701 Portside -HTF,7.41,
702 Sea Breeze -HTF,702 Sea Breeze -HTF,7.41,
703 Electric Stingray -HTF,703 Electric Stingray -HTF,7.41,
704 Cape Of Storms -HTF,704 Cape Of Storms -HTF,7.41,
705 Hang Ten -HTF,705 Hang Ten -HTF,7.41,
706 Whale Watching -HTF,706 Whale Watching -HTF,7.41,
707 Hang 11 -HTF,707 Hang 11 -HTF,7.41,
708 Blue Bayou -HTF,708 Blue Bayou -HTF,7.41,
71 Vanuatu -HTF,71 Vanuatu -HTF,7.41,
72 Monday Milkshake -HTF,72 Monday Milkshake -HTF,7.41,
73 Smurfboard -HTF,73 Smurfboard -HTF,7.41,
74 Sailor She -HTF,74 Sailor She -HTF,7.41,
75 Oia Blue -HTF,75 Oia Blue -HTF,7.41,
76 Dusty Sky -HTF,76 Dusty Sky -HTF,7.41,
77 Starboard -HTF,77 Starboard -HTF,7.41,
78 The Abyss -HTF,78 The Abyss -HTF,7.41,
79 Mobi Dick -HTF,79 Mobi Dick -HTF,7.41,
80 Minty Moment -HTF,80 Minty Moment -HTF,7.41,
81 Mojito Mint -HTF,81 Mojito Mint -HTF,7.41,
82 After Winter -HTF,82 After Winter -HTF,7.41,
83 Mojo Jojo -HTF,83 Mojo Jojo -HTF,7.41,
84 Laguna -HTF,84 Laguna -HTF,7.41,
85 Luck o Irish -HTF,85 Luck o Irish -HTF,7.41,
86 Cad-mi-um -HTF,86 Cad-mi-um -HTF,7.41,
87 Army Chic -HTF,87 Army Chic -HTF,7.41,
88 Girls Enlisted -HTF,88 Girls Enlisted -HTF,7.41,
89 Tank-Her-Up -HTF,89 Tank-Her-Up -HTF,7.41,
90 Foxtrot -HTF,90 Foxtrot -HTF,7.41,
91 Montego Twist -HTF,91 Montego Twist -HTF,7.41,
92 Stay Cool -HTF,92 Stay Cool -HTF,7.41,
93 Grey Envy -HTF,93 Grey Envy -HTF,7.41,
94 Del-Ta-Fem -HTF,94 Del-Ta-Fem -HTF,7.41,
95 Peppermint Crisp -HTF,95 Peppermint Crisp -HTF,7.41,
96 Stoned -HTF,96 Stoned -HTF,7.41,
97 Spirit of the Ocean -HTF,97 Spirit of the Ocean -HTF,7.41,
100 Baby Blush -HTF,100 Baby Blush -HTF,7.41,
100A She Bangs -HTF,100A She Bangs -HTF,7.41,
101 Hispanicum -HTF,101 Hispanicum -HTF,7.41,
102 Marshmallow -HTF,102 Marshmallow -HTF,7.41,
103 Pink Pizazz -HTF,103 Pink Pizazz -HTF,7.41,
104 Flamingo -HTF,104 Flamingo -HTF,7.41,
105 Bar-Bee -HTF,105 Bar-Bee -HTF,7.41,
106 Smooch -HTF,106 Smooch -HTF,7.41,
107 Strawbs and Cream -HTF,107 Strawbs and Cream -HTF,7.41,
108 Funky Fusion -HTF,108 Funky Fusion -HTF,7.41,
110 Plush -HTF,110 Plush -HTF,7.41,
111 Stupid Cupid -HTF,111 Stupid Cupid -HTF,7.41,
112 Moscow Pink -HTF,112 Moscow Pink -HTF,7.41,
113 Orgasmink -HTF,113 Orgasmink -HTF,7.41,
114 Carnations Kiss -HTF,114 Carnations Kiss -HTF,7.41,
115 Tickled Pink -HTF,115 Tickled Pink -HTF,7.41,
116 Fandango -HTF,116 Fandango -HTF,7.41,
117 Plum-it -HTF,117 Plum-it -HTF,7.41,
118 Midnight Royale -HTF,118 Midnight Royale -HTF,7.41,
119 Indescent Proposal -HTF,119 Indescent Proposal -HTF,7.41,
120 Wisteria Lane -HTF,120 Wisteria Lane -HTF,7.41,
121 Tau-Pe-Do -HTF,121 Tau-Pe-Do -HTF,7.41,
122 Floating Lilly -HTF,122 Floating Lilly -HTF,7.41,
123 Psychedelic Barney -HTF,123 Psychedelic Barney -HTF,7.41,
124 Ma-Di-Gra -HTF,124 Ma-Di-Gra -HTF,7.41,
125 Cyber Grape -HTF,125 Cyber Grape -HTF,7.41,
126 Moody Monday -HTF,126 Moody Monday -HTF,7.41,
127 Purple Hearts -HTF,127 Purple Hearts -HTF,7.41,
128 Indigo Dreams -HTF,128 Indigo Dreams -HTF,7.41,
129 Smoke on the Water -HTF,129 Smoke on the Water -HTF,7.41,
130 Byzantium -HTF,130 Byzantium -HTF,7.41,
131 Bubblegum -HTF,131 Bubblegum -HTF,7.41,
132 Jamaikin Me Purple -HTF,132 Jamaikin Me Purple -HTF,7.41,
133 African Violet -HTF,133 African Violet -HTF,7.41,
134 Obsessive -HTF,134 Obsessive -HTF,7.41,
135 Secret Randesvouz -HTF,135 Secret Randesvouz -HTF,7.41,
136 Jac-A-Randa -HTF,136 Jac-A-Randa -HTF,7.41,
137 Love Child -HTF,137 Love Child -HTF,7.41,
140 Nudity -HTF,140 Nudity -HTF,7.41,
141 Sands of Time -HTF,141 Sands of Time -HTF,7.41,
142 Be Nutty -HTF,142 Be Nutty -HTF,7.41,
143 Cinna-Bum -HTF,143 Cinna-Bum -HTF,7.41,
144 Choc-A-Holic -HTF,144 Choc-A-Holic -HTF,7.41,
145 Spiced Up -HTF,145 Spiced Up -HTF,7.41,
146 Cocoa Bean -HTF,146 Cocoa Bean -HTF,7.41,
147 Bitter Sweet -HTF,147 Bitter Sweet -HTF,7.41,
148 Cherrywood -HTF,148 Cherrywood -HTF,7.41,
149 Illumi-Latte -HTF,149 Illumi-Latte -HTF,7.41,
150 Espresso No -HTF,150 Espresso No -HTF,7.41,
151 Praline Mocca -HTF,151 Praline Mocca -HTF,7.41,
152 Frisco -HTF,152 Frisco -HTF,7.41,
153 Barely There -HTF,153 Barely There -HTF,7.41,
154 Minky -HTF,154 Minky -HTF,7.41,
155 Memory Lane -HTF,155 Memory Lane -HTF,7.41,
156 Foxen -HTF,156 Foxen -HTF,7.41,
201 Glitt-A-Rachi -HTF,201 Glitt-A-Rachi -HTF,7.41,
202 Ogliterate -HTF,202 Ogliterate -HTF,7.41,
203 Inca Gold -HTF,203 Inca Gold -HTF,7.41,
204 Ponta D Auro -HTF,204 Ponta D Auro -HTF,7.41,
206 Baha-Mar -HTF,206 Baha-Mar -HTF,7.41,
207 Splashed -HTF,207 Splashed -HTF,7.41,
208 Cosmolite -HTF,208 Cosmolite -HTF,7.41,
209 Tink-Her-Bell -HTF,209 Tink-Her-Bell -HTF,7.41,
210 First Lady -HTF,210 First Lady -HTF,7.41,
212 Girls BFF -HTF,212 Girls BFF -HTF,7.41,
213 Surprise -HTF,213 Surprise -HTF,7.41,
214 Silver Chalice -HTF,214 Silver Chalice -HTF,7.41,
215 Urrea / Golden Globe -HTF,215 Urrea / Golden Globe -HTF,7.41,
218 Sweet Carbonight -HTF,218 Sweet Carbonight -HTF,7.41,
221 Schizo Princess -HTF,221 Schizo Princess -HTF,7.41,
223 Starlet Blue -HTF,223 Starlet Blue -HTF,7.41,
225 Bevok -HTF,225 Bevok -HTF,7.41,
226 Show Off -HTF,226 Show Off -HTF,7.41,
227 Lifes A Beach -HTF,227 Lifes A Beach -HTF,7.41,
1801 2 Hot 2 Handle -HTF,1801 2 Hot 2 Handle -HTF,7.41,
1802 Bite Your Lip -HTF,1802 Bite Your Lip -HTF,7.41,
1803 Dont Pout -HTF,1803 Dont Pout -HTF,7.41,
1804 Cuddle Me -HTF,1804 Cuddle Me -HTF,7.41,
1805 Rack Em Up -HTF,1805 Rack Em Up -HTF,7.41,
1806 Linger On -HTF,1806 Linger On -HTF,7.41,
1807 Truth Be Told -HTF,1807 Truth Be Told -HTF,7.41,
1808 Show Me Yours -HTF,1808 Show Me Yours -HTF,7.41,
1809 Naughtier Than Nice -HTF,1809 Naughtier Than Nice -HTF,7.41,
1810 Behind Closed Doors -HTF,1810 Behind Closed Doors -HTF,7.41,
1811 Another Shade of Grey -HTF,1811 Another Shade of Grey -HTF,7.41,
1812 GIUP® Oil -HTF,1812 GIUP® Oil -HTF,7.41,
1813 Drives Me Wild -HTF,1813 Drives Me Wild -HTF,7.41,
1814 Swinger -HTF,1814 Swinger -HTF,7.41,
1815 What a Slate -HTF,1815 What a Slate -HTF,7.41,
1816 Tempted -HTF,1816 Tempted -HTF,7.41,
1817 Wink Wink -HTF,1817 Wink Wink -HTF,7.41,
1818 Haute -HTF,1818 Haute -HTF,7.41,
1819 Frozen -HTF,1819 Frozen -HTF,7.41,
1820 Not on PurPose -HTF,1820 Not on PurPose -HTF,7.41,
1821 Another Kinda Pink -HTF,1821 Another Kinda Pink -HTF,7.41,
1822 Dark Angel -HTF,1822 Dark Angel -HTF,7.41,
1823 Pumpkin Pie -HTF,1823 Pumpkin Pie -HTF,7.41,
1900 Moon Mist -HTF,1900 Moon Mist -HTF,7.41,
1901 Desert Hori-Zen -HTF,1901 Desert Hori-Zen -HTF,7.41,
1902 Rings Around the Sun -HTF,1902 Rings Around the Sun -HTF,7.41,
1903 Dancing Firefly (Thermo / Glow) -HTF,1903 Dancing Firefly (Thermo / Glow) -HTF,7.41,
1904 Sienna -HTF,1904 Sienna -HTF,7.41,
1905 Sweet Sunset -HTF,1905 Sweet Sunset -HTF,7.41,
1906 The New Black -HTF,1906 The New Black -HTF,7.41,
1907 Red Acacia -HTF,1907 Red Acacia -HTF,7.41,
1908 Desert Scorpion -HTF,1908 Desert Scorpion -HTF,7.41,
1909 Tamarix -HTF,1909 Tamarix -HTF,7.41,
1910 Pink Lady Lemonade -HTF,1910 Pink Lady Lemonade -HTF,7.41,
1911 Unveiling -HTF,1911 Unveiling -HTF,7.41,
1912 Heat Overload (Thermo /Glow) -HTF,1912 Heat Overload (Thermo /Glow) -HTF,7.41,
1913 Shallow Water -HTF,1913 Shallow Water -HTF,7.41,
1914 Lime Sorbet -HTF,1914 Lime Sorbet -HTF,7.41,
1915 Mirage -HTF,1915 Mirage -HTF,7.41,
1916 Shoe Blue -HTF,1916 Shoe Blue -HTF,7.41,
1919 She Sells -HTF,1919 She Sells -HTF,7.41,
1921 Up Up and Away -HTF,1921 Up Up and Away -HTF,7.41,
1923 Hug-A-Bear -HTF,1923 Hug-A-Bear -HTF,7.41,
1924 Purified -HTF,1924 Purified -HTF,7.41,
1925 Serengeti -HTF,1925 Serengeti -HTF,7.41,
1926 Eco-Savvy -HTF,1926 Eco-Savvy -HTF,7.41,
1927 Forestation -HTF,1927 Forestation -HTF,7.41,
1928 Caretta Caretta -HTF,1928 Caretta Caretta -HTF,7.41,
1929 Paint It Green -HTF,1929 Paint It Green -HTF,7.41,
1930 Pink Rhino Horns -HTF,1930 Pink Rhino Horns -HTF,7.41,
1932 Habibi-Tat -HTF,1932 Habibi-Tat -HTF,7.41,
1933 Hump Back -HTF,1933 Hump Back -HTF,7.41,
1934 R-R-R -HTF,1934 R-R-R -HTF,7.41,
1935 The Last Straw -HTF,1935 The Last Straw -HTF,7.41,
1936 Eco-Bling -HTF,1936 Eco-Bling -HTF,7.41,
1937 Star-Studded -HTF,1937 Star-Studded -HTF,7.41,
1938 Midnight -HTF,1938 Midnight -HTF,7.41,
1939 Desert Gold -HTF,1939 Desert Gold -HTF,7.41,
1940 Delight Me -HTF,1940 Delight Me -HTF,7.41,
1941 Keep Me Guessing -HTF,1941 Keep Me Guessing -HTF,7.41,
1942 O-Zone -HTF,1942 O-Zone -HTF,7.41,
1943 Dancing Shoes -HTF,1943 Dancing Shoes -HTF,7.41,
1944 Glint of Hope -HTF,1944 Glint of Hope -HTF,7.41,
1945 Amaranth -HTF,1945 Amaranth -HTF,7.41,
1946 Whoops -HTF,1946 Whoops -HTF,7.41,
1947 Naturally Yours -HTF,1947 Naturally Yours -HTF,7.41,
2020 Soft and Sweet -HTF,2020 Soft and Sweet -HTF,7.41,
2021 Sri-Lanka -HTF,2021 Sri-Lanka -HTF,7.41,
2022 PhiPhi Island -HTF,2022 PhiPhi Island -HTF,7.41,
2023 PickNickers -HTF,2023 PickNickers -HTF,7.41,
2024 Durban Weed -HTF,2024 Durban Weed -HTF,7.41,
2025 Calm Palm -HTF,2025 Calm Palm -HTF,7.41,
2026 Whaat Pistachio -HTF,2026 Whaat Pistachio -HTF,7.41,
2027 Emerald Coast -HTF,2027 Emerald Coast -HTF,7.41,
2028 Below Sea Level -HTF,2028 Below Sea Level -HTF,7.41,
2029 Show Me The Moneee -HTF,2029 Show Me The Moneee -HTF,7.41,
2030 Under The Boardwalk -HTF,2030 Under The Boardwalk -HTF,7.41,
2031 Down By The Sea -HTF,2031 Down By The Sea -HTF,7.41,
2032 Salt Water Toffee -HTF,2032 Salt Water Toffee -HTF,7.41,
2033 Baby Shark -HTF,2033 Baby Shark -HTF,7.41,
2034 Smurfs Baby -HTF,2034 Smurfs Baby -HTF,7.41,
2035 Scuubie -HTF,2035 Scuubie -HTF,7.41,
2036 Not So Purple -HTF,2036 Not So Purple -HTF,7.41,
2038 Hibiscus -HTF,2038 Hibiscus -HTF,7.41,
2039 Coral Reef -HTF,2039 Coral Reef -HTF,7.41,
2040 Precious Moments -HTF,2040 Precious Moments -HTF,7.41,
2041 Di-Bi-Di-Bi -HTF,2041 Di-Bi-Di-Bi -HTF,7.41,
2042 Up-Up -HTF,2042 Up-Up -HTF,7.41,
2043 Love Mania -HTF,2043 Love Mania -HTF,7.41,
2045 Heather Heights -HTF,2045 Heather Heights -HTF,7.41,
2046 Twilight Mist -HTF,2046 Twilight Mist -HTF,7.41,
2047 Delphi Grove -HTF,2047 Delphi Grove -HTF,7.41,
2048 Still Good -HTF,2048 Still Good -HTF,7.41,
2049 Bad Apple -HTF,2049 Bad Apple -HTF,7.41,
2050 Twice Bitten -HTF,2050 Twice Bitten -HTF,7.41,
2051 Thrice Shy -HTF,2051 Thrice Shy -HTF,7.41,
2052 Clear Grey Skies -HTF,2052 Clear Grey Skies -HTF,7.41,
2053 Lockdown Blues -HTF,2053 Lockdown Blues -HTF,7.41,
2054 Ko Heeba -HTF,2054 Ko Heeba -HTF,7.41,
2055 Liquid Tar -HTF,2055 Liquid Tar -HTF,7.41,
2056 BeeeHave -HTF,2056 BeeeHave -HTF,7.41,
2057 Curfew -HTF,2057 Curfew -HTF,7.41,
2058 Pewt me on the Shelf -HTF,2058 Pewt me on the Shelf -HTF,7.41,
2059 Puff Me Up -HTF,2059 Puff Me Up -HTF,7.41,
2060 Chocolate Cherry -HTF,2060 Chocolate Cherry -HTF,7.41,
2061 Onyx -HTF,2061 Onyx -HTF,7.41,
2062 Dark Side of the Street -HTF,2062 Dark Side of the Street -HTF,7.41,
2063 Trick or Treat -HTF,2063 Trick or Treat -HTF,7.41,
2101 Hammocking -HTF,2101 Hammocking -HTF,7.41,
2102 Barefoot in Blue Jeans -HTF,2102 Barefoot in Blue Jeans -HTF,7.41,
2103 You are my Sunshine -HTF,2103 You are my Sunshine -HTF,7.41,
2104 Tiny Dancer -HTF,2104 Tiny Dancer -HTF,7.41,
2105 Happiness Is… -HTF,2105 Happiness Is… -HTF,7.41,
2106 Take a Slice -HTF,2106 Take a Slice -HTF,7.41,
2108 Aquaholic -HTF,2108 Aquaholic -HTF,7.41,
2109 Commotion in the Ocean -HTF,2109 Commotion in the Ocean -HTF,7.41,
2110 Hazy Lazy Dayz -HTF,2110 Hazy Lazy Dayz -HTF,7.41,
2111 Rainbow Bubbles -HTF,2111 Rainbow Bubbles -HTF,7.41,
2112 Lola la la la Lola -HTF,2112 Lola la la la Lola -HTF,7.41,
2120 Spoilt For Choice -HTF,2120 Spoilt For Choice -HTF,7.41,
2121 Green Light -HTF,2121 Green Light -HTF,7.41,
2121 Green Light -HTF,2121 Green Light -HTF,7.41,
2122 No Fear -HTF,2122 No Fear -HTF,7.41,
2123 Echo of life -HTF,2123 Echo of life -HTF,7.41,
2124 Blow Your Mind -HTF,2124 Blow Your Mind -HTF,7.41,
2125 Crystal Clear Dreams -HTF,2125 Crystal Clear Dreams -HTF,7.41,
2126 Late Night Hopes -HTF,2126 Late Night Hopes -HTF,7.41,
2127 Creativity -HTF,2127 Creativity -HTF,7.41,
2129 Absolute -HTF,2129 Absolute -HTF,7.41,
2130 Passing Storm -HTF,2130 Passing Storm -HTF,7.41,
2131 Conquest -HTF,2131 Conquest -HTF,7.41,
2132 Lilac Chaser Illusion -HTF,2132 Lilac Chaser Illusion -HTF,7.41,
2133 Voir la vie en rose -HTF,2133 Voir la vie en rose -HTF,7.41,
2134 Vintage Rose -HTF,2134 Vintage Rose -HTF,7.41,
2135 Ruby Velvet -HTF,2135 Ruby Velvet -HTF,7.41,
2137 Amber Embers -HTF,2137 Amber Embers -HTF,7.41,
2138 Sans Retenue -HTF,2138 Sans Retenue -HTF,7.41,
2139 Sugar Free -HTF,2139 Sugar Free -HTF,7.41,
2140 Speechless -HTF,2140 Speechless -HTF,7.41,
2141 Salamander’s Realm -HTF,2141 Salamander’s Realm -HTF,7.41,
2142 Master key -HTF,2142 Master key -HTF,7.41,
2143 Sunshine Ahead -HTF,2143 Sunshine Ahead -HTF,7.41,
2145 Golden Vibes -HTF,2145 Golden Vibes -HTF,7.41,
2145A Glitzy Peach -HTF,2145A Glitzy Peach -HTF,7.41,
2146 Another Red -HTF,2146 Another Red -HTF,7.41,
2200 Electric Lizard -HTF,2200 Electric Lizard -HTF,7.41,
2201 Leave Mealon -HTF,2201 Leave Mealon -HTF,7.41,
2202 Messy Opalina -HTF,2202 Messy Opalina -HTF,7.41,
2203 Pinchy Orange -HTF,2203 Pinchy Orange -HTF,7.41,
2204 Ouch -HTF,2204 Ouch -HTF,7.41,
2205 Firecracker -HTF,2205 Firecracker -HTF,7.41,
2206 Jazzberry -HTF,2206 Jazzberry -HTF,7.41,
2210 Kazoo -HTF,2210 Kazoo -HTF,7.41,
2211 Purple People Eater -HTF,2211 Purple People Eater -HTF,7.41,
2212 Ghosted -HTF,2212 Ghosted -HTF,7.41,
2213 Drunken Acorn -HTF,2213 Drunken Acorn -HTF,7.41,
2214 What happened to Olive -HTF,2214 What happened to Olive -HTF,7.41,
2215 Glass Frog -HTF,2215 Glass Frog -HTF,7.41,
2216 Search Party -HTF,2216 Search Party -HTF,7.41,
2217 Pouting Porpoise -HTF,2217 Pouting Porpoise -HTF,7.41,
2218 Simmer Down -HTF,2218 Simmer Down -HTF,7.41,
2220 Fading Whiskey Hangover -HTF,2220 Fading Whiskey Hangover -HTF,7.41,
2221 Collapsed Créme Caramel -HTF,2221 Collapsed Créme Caramel -HTF,7.41,
2222 Hot Cheetos -HTF,2222 Hot Cheetos -HTF,7.41,
2223 Chocolate Deprived -HTF,2223 Chocolate Deprived -HTF,7.41,
2224 Poor Gingerbread Man -HTF,2224 Poor Gingerbread Man -HTF,7.41,
2225 Milk and Water -HTF,2225 Milk and Water -HTF,7.41,
2226 Moon Rake -HTF,2226 Moon Rake -HTF,7.41,
2227 VuDu U Think U R -HTF,2227 VuDu U Think U R -HTF,7.41,
2228 Spilt Wine -HTF,2228 Spilt Wine -HTF,7.41,
2229 Blue Bean -HTF,2229 Blue Bean -HTF,7.41,
2230 Smalty -HTF,2230 Smalty -HTF,7.41,
2231 Pennyless -HTF,2231 Pennyless -HTF,7.41,
2232 Bahama Blue -HTF,2232 Bahama Blue -HTF,7.41,
2233 Astronaut in the Ocean -HTF,2233 Astronaut in the Ocean -HTF,7.41,
2300 In the Shallows -HTF,2300 In the Shallows -HTF,7.41,
"2301 Marry Me, Please -HTF","2301 Marry Me, Please -HTF",7.41,
2303 Blou Berg Strand -HTF,2303 Blou Berg Strand -HTF,7.41,
2304 Coral Me Red -HTF,2304 Coral Me Red -HTF,7.41,
2305 Genderless Barney -HTF,2305 Genderless Barney -HTF,7.41,
2306 My Favourite Sweater -HTF,2306 My Favourite Sweater -HTF,7.41,
2307 Japanese Spring -HTF,2307 Japanese Spring -HTF,7.41,
2308 Tealy Blue -HTF,2308 Tealy Blue -HTF,7.41,
2309 I Do -HTF,2309 I Do -HTF,7.41,
2310 Pollen Attack -HTF,2310 Pollen Attack -HTF,7.41,
2311 Calypso -HTF,2311 Calypso -HTF,7.41,
2312 Tiny Splash -HTF,2312 Tiny Splash -HTF,7.41,
2313 Bling Blue Bloom -HTF,2313 Bling Blue Bloom -HTF,7.41,
2314 Hold your Breath Barney -HTF,2314 Hold your Breath Barney -HTF,7.41,
2315 Pink Polka Bikini -HTF,2315 Pink Polka Bikini -HTF,7.41,
2316 Am I Ferrari Red -HTF,2316 Am I Ferrari Red -HTF,7.41,
2317 Snowy Flakes -HTF,2317 Snowy Flakes -HTF,7.41,
2317 Snowy Flakes -HTF,2317 Snowy Flakes -HTF,7.41,
2318 Ciel Blue Bliss -HTF,2318 Ciel Blue Bliss -HTF,7.41,
2319 Iris Intensity -HTF,2319 Iris Intensity -HTF,7.41,
2320 Orchid Obsession -HTF,2320 Orchid Obsession -HTF,7.41,
2321 Twilight Tincture -HTF,2321 Twilight Tincture -HTF,7.41,
2322 Amathyst Awakening -HTF,2322 Amathyst Awakening -HTF,7.41,
2323 Maraschino Maven -HTF,2323 Maraschino Maven -HTF,7.41,
2324 Petrol Pearl -HTF,2324 Petrol Pearl -HTF,7.41,
2325 Violet Veil of Glitz -HTF,2325 Violet Veil of Glitz -HTF,7.41,
2326 Firework Flicker -HTF,2326 Firework Flicker -HTF,7.41,
2327 Cherry Confetti -HTF,2327 Cherry Confetti -HTF,7.41,
2328 Glittering Grape Galaxy -HTF,2328 Glittering Grape Galaxy -HTF,7.41,
2329 Lavender Luster -HTF,2329 Lavender Luster -HTF,7.41,
2330 Twinkling Twighlight Lagoon -HTF,2330 Twinkling Twighlight Lagoon -HTF,7.41,
2331 Electric Magenta -HTF,2331 Electric Magenta -HTF,7.41,
2332 Back Off -HTF,2332 Back Off -HTF,7.41,
2400 Bachalorette Party -HTF,2400 Bachalorette Party -HTF,7.41,
2401 Sister of the Bride -HTF,2401 Sister of the Bride -HTF,7.41,
2402 Mother of the Bride -HTF,2402 Mother of the Bride -HTF,7.41,
2403 Flowergirl -HTF,2403 Flowergirl -HTF,7.41,
2404 Daddys Girl -HTF,2404 Daddys Girl -HTF,7.41,
2405 Never a Bride -HTF,2405 Never a Bride -HTF,7.41,
2406 Always a Bridemaid -HTF,2406 Always a Bridemaid -HTF,7.41,
2407 Iceberg -HTF,2407 Iceberg -HTF,7.41,
2409 Bad Boy Blue -HTF,2409 Bad Boy Blue -HTF,7.41,
2410 If Ever There Was -HTF,2410 If Ever There Was -HTF,7.41,
2411 Jacaranda -HTF,2411 Jacaranda -HTF,7.41,
2412 Vanilla Bean -HTF,2412 Vanilla Bean -HTF,7.41,
2413 Indecisive -HTF,2413 Indecisive -HTF,7.41,
2414 Pink Lemonade -HTF,2414 Pink Lemonade -HTF,7.41,
2415 Sweet 16 -HTF,2415 Sweet 16 -HTF,7.41,
2416 Them Pearls -HTF,2416 Them Pearls -HTF,7.41,
2417 She Pearl -HTF,2417 She Pearl -HTF,7.41,
2418 He Pearls -HTF,2418 He Pearls -HTF,7.41,
2419 Dipsy -HTF,2419 Dipsy -HTF,7.41,
2420 Pink Smarty -HTF,2420 Pink Smarty -HTF,7.41,
2421 Fashionable Fuchs -HTF,2421 Fashionable Fuchs -HTF,7.41,
2422 Mango Mania -HTF,2422 Mango Mania -HTF,7.41,
2423 Peaceful Surrender -HTF,2423 Peaceful Surrender -HTF,7.41,
2424 BulBaSaur -HTF,2424 BulBaSaur -HTF,7.41,
2425 Frozen Nemo -HTF,2425 Frozen Nemo -HTF,7.41,
2426 Tinky Winky -HTF,2426 Tinky Winky -HTF,7.41,
2427 Chop Hop -HTF,2427 Chop Hop -HTF,7.41,
2428 Shock Me Magenta -HTF,2428 Shock Me Magenta -HTF,7.41,
2429 2 Blue 2 B Tru -HTF,2429 2 Blue 2 B Tru -HTF,7.41,
2430 Alexandrite -HTF,2430 Alexandrite -HTF,7.41,
2431 Lazulite -HTF,2431 Lazulite -HTF,7.41,
2432 Superb Milky -HTF,2432 Superb Milky -HTF,7.41,
2433 Glitzy Marshmallow -HTF,2433 Glitzy Marshmallow -HTF,7.41,
2434 SunTouched Shimmer -HTF,2434 SunTouched Shimmer -HTF,7.41,
2435 Shower Me in Diamonds -HTF,2435 Shower Me in Diamonds -HTF,7.41,
2436 Lava Stone -HTF,2436 Lava Stone -HTF,7.41,
2437 Sangiovese -HTF,2437 Sangiovese -HTF,7.41,
2438 Midnight Allnight -HTF,2438 Midnight Allnight -HTF,7.41,
2439 Irish Cream -HTF,2439 Irish Cream -HTF,7.41,
2440 Peacko Peacko -HTF,2440 Peacko Peacko -HTF,7.41,
2441 Creamy Tomatoes -HTF,2441 Creamy Tomatoes -HTF,7.41,
2442 Chocolate Crepes -HTF,2442 Chocolate Crepes -HTF,7.41,
2443 Oti Nane Blue -HTF,2443 Oti Nane Blue -HTF,7.41,
2444 Mulberry -HTF,2444 Mulberry -HTF,7.41,
2445 Gunmetal Grey -HTF,2445 Gunmetal Grey -HTF,7.41,
2446 Too Dark For You -HTF,2446 Too Dark For You -HTF,7.41,
2447 Colour of Dreams -HTF,2447 Colour of Dreams -HTF,7.41,
2448 Black Platinum -HTF,2448 Black Platinum -HTF,7.41,
2449 Its Gonna Be My Favourite -HTF,2449 Its Gonna Be My Favourite -HTF,7.41,
2450 Grumpy Forest -HTF,2450 Grumpy Forest -HTF,7.41,
2451 Bluetallica -HTF,2451 Bluetallica -HTF,7.41,
2452 Uni-Scorpion -HTF,2452 Uni-Scorpion -HTF,7.41,
2453 Flirting with Purple -HTF,2453 Flirting with Purple -HTF,7.41,
2454 Moulin Rouge -HTF,2454 Moulin Rouge -HTF,7.41,
2455 Cabaret Style -HTF,2455 Cabaret Style -HTF,7.41,
2456 Maybe Denim -HTF,2456 Maybe Denim -HTF,7.41,
2457 Chilli Peppers -HTF,2457 Chilli Peppers -HTF,7.41,
2458 Cherry Cherry Lady -HTF,2458 Cherry Cherry Lady -HTF,7.41,
2459 Lipstick -HTF,2459 Lipstick -HTF,7.41,
2460 Venice Mask -HTF,2460 Venice Mask -HTF,7.41,
2461 Gluhwein -HTF,2461 Gluhwein -HTF,7.41,
2500 Cupcake -HTF,2500 Cupcake -HTF,7.41,
2501 Petal Pink -HTF,2501 Petal Pink -HTF,7.41,
2502 Cotton Blue -HTF,2502 Cotton Blue -HTF,7.41,
2503 Iris Elegance -HTF,2503 Iris Elegance -HTF,7.41,
2504 Rozy Peach -HTF,2504 Rozy Peach -HTF,7.41,
2505 Matchy Matchy -HTF,2505 Matchy Matchy -HTF,7.41,
2506 Lemony Lime -HTF,2506 Lemony Lime -HTF,7.41,
2507 Aqua Splash -HTF,2507 Aqua Splash -HTF,7.41,
2508 80s Babe -HTF,2508 80s Babe -HTF,7.41,
2509 Floral Fiesta -HTF,2509 Floral Fiesta -HTF,7.41,
2510 Pink Parfait -HTF,2510 Pink Parfait -HTF,7.41,
2511 Skin Shock -HTF,2511 Skin Shock -HTF,7.41,
2512 Ember Rose -HTF,2512 Ember Rose -HTF,7.41,
2513 Misty Dove -HTF,2513 Misty Dove -HTF,7.41,
2514 Moonlight Cypress -HTF,2514 Moonlight Cypress -HTF,7.41,
2515 Shadow Grey -HTF,2515 Shadow Grey -HTF,7.41,
2516 Berry Obsession -HTF,2516 Berry Obsession -HTF,7.41,
2517 Cоsmic Bloom -HTF,2517 Cоsmic Bloom -HTF,7.41,
2518 Vintage Whisper -HTF,2518 Vintage Whisper -HTF,7.41,
2519 Merlot Veil -HTF,2519 Merlot Veil -HTF,7.41,
2520 Blood Moon Glow -HTF,2520 Blood Moon Glow -HTF,7.41,
2521 Choco Veil -HTF,2521 Choco Veil -HTF,7.41,
2522 Cocoa Twilight -HTF,2522 Cocoa Twilight -HTF,7.41,
2523 Ruby Noir -HTF,2523 Ruby Noir -HTF,7.41,
2524 Stardust Ash -HTF,2524 Stardust Ash -HTF,7.41,
2525 Dark Matter -HTF,2525 Dark Matter -HTF,7.41,
2526 Double Jeopardy -HTF,2526 Double Jeopardy -HTF,7.41,
2527 The Doll's Dress -HTF,2527 The Doll's Dress -HTF,7.41,
2528 Queen of the night -HTF,2528 Queen of the night -HTF,7.41,
2529 Thunderstorm -HTF,2529 Thunderstorm -HTF,7.41,
2600 Cloud Dancer -HTF,2600 Cloud Dancer -HTF,7.41,
2601 Vanilla Fog -HTF,2601 Vanilla Fog -HTF,7.41,
2602 Porcelain Sky -HTF,2602 Porcelain Sky -HTF,7.41,
2603 Butter Air -HTF,2603 Butter Air -HTF,7.41,
2604 Peach Whisper -HTF,2604 Peach Whisper -HTF,7.41,
2605 Apricot Sunrise -HTF,2605 Apricot Sunrise -HTF,7.41,
2606 First Cloud -HTF,2606 First Cloud -HTF,7.41,
2607 Silent Altitude -HTF,2607 Silent Altitude -HTF,7.41,
2608 Daybreak Pink -HTF,2608 Daybreak Pink -HTF,7.41,
2609 Cool Atmosphere -HTF,2609 Cool Atmosphere -HTF,7.41,
2610 Twilight Air -HTF,2610 Twilight Air -HTF,7.41,
FFF White Years Ahead -HTF,FFF White Years Ahead -HTF,8.32,
250 Snow Leopard -HTF,250 Snow Leopard -HTF,9.67,
251 Cougar -HTF,251 Cougar -HTF,9.67,
252 Twinkle Toes -HTF,252 Twinkle Toes -HTF,9.67,
253 Panthera -HTF,253 Panthera -HTF,9.67,
254 Colour Me Pink -HTF,254 Colour Me Pink -HTF,9.67,
255 Celebration -HTF,255 Celebration -HTF,9.67,
256 Champagne Pop -HTF,256 Champagne Pop -HTF,9.67,
257 Bronze Goddess -HTF,257 Bronze Goddess -HTF,9.67,
258 Purple Passion -HTF,258 Purple Passion -HTF,9.67,
320 Divinium -HTF,320 Divinium -HTF,7.41,
322 Badassium -HTF,322 Badassium -HTF,7.41,
324 Feminum -HTF,324 Feminum -HTF,7.41,
325 Tritanium -HTF,325 Tritanium -HTF,7.41,
326 Dilithium -HTF,326 Dilithium -HTF,7.41,
327 Orichalcum -HTF,327 Orichalcum -HTF,7.41,
328 Cryptonite -HTF,328 Cryptonite -HTF,7.41,
329 Tellurium -HTF,329 Tellurium -HTF,7.41,
330 Vermilion -HTF,330 Vermilion -HTF,7.41,
331 Bloody Red -HTF,331 Bloody Red -HTF,7.41,
600 Unicorn -HTF,600 Unicorn -HTF,8.27,
601 Glam-O-Holic -HTF,601 Glam-O-Holic -HTF,8.27,
602 Confetti -HTF,602 Confetti -HTF,8.27,
603 UniGlam -HTF,603 UniGlam -HTF,8.27,
900 Ocean Jewel -HTF,900 Ocean Jewel -HTF,7.68,
901 Sirenes -HTF,901 Sirenes -HTF,7.68,
902 Afrodite -HTF,902 Afrodite -HTF,7.68,
903 Laila -HTF,903 Laila -HTF,7.68,
904 Mystic Blue -HTF,904 Mystic Blue -HTF,7.68,
2113 Deelight Night -HTF,2113 Deelight Night -HTF,7.36,
2113A Sparkled Wishes -HTF,2113A Sparkled Wishes -HTF,7.36,
2113B Pretty Little Lies -HTF,2113B Pretty Little Lies -HTF,7.36,
2113C Kiss and Tell -HTF,2113C Kiss and Tell -HTF,7.36,
2113D Rose Moonlight -HTF,2113D Rose Moonlight -HTF,7.36,
2113E Star Child -HTF,2113E Star Child -HTF,7.36,
2113F Jet Black Flash -HTF,2113F Jet Black Flash -HTF,7.36,
2113G Jessica Rabbit Dress -HTF,2113G Jessica Rabbit Dress -HTF,7.36,
2113J Blue Flashing Star -HTF,2113J Blue Flashing Star -HTF,7.36,
2113K Dusty Crystal -HTF,2113K Dusty Crystal -HTF,7.36,
2113L Magenta Spotlight -HTF,2113L Magenta Spotlight -HTF,7.36,
2113M Lilac Ice -HTF,2113M Lilac Ice -HTF,7.36,
2113N Pink My Grey -HTF,2113N Pink My Grey -HTF,7.36,
2113O Opa -HTF,2113O Opa -HTF,7.36,
2113P Flash-Berry -HTF,2113P Flash-Berry -HTF,7.36,
2113Q Luxe Glow -HTF,2113Q Luxe Glow -HTF,7.36,
2113R Midnight Hera -HTF,2113R Midnight Hera -HTF,7.36,
2113S Vivi Vail -HTF,2113S Vivi Vail -HTF,7.36,
BTB01 Rosso Corso -HTF,BTB01 Rosso Corso -HTF,7.41,
BTB02 Nautilus -HTF,BTB02 Nautilus -HTF,7.41,
BTB03 Brimstone -HTF,BTB03 Brimstone -HTF,7.41,
Autumn 2021 OTA01 -HTF,Autumn 2021 OTA01 -HTF,7.41,
Autumn 2021 OTA02 -HTF,Autumn 2021 OTA02 -HTF,7.41,
Autumn 2021 OTA03 -HTF,Autumn 2021 OTA03 -HTF,7.41,
Autumn 2021 OTA04 -HTF,Autumn 2021 OTA04 -HTF,7.41,
Autumn 2021 OTA05 -HTF,Autumn 2021 OTA05 -HTF,7.41,
Autumn 2021 OTA06 -HTF,Autumn 2021 OTA06 -HTF,7.41,
Autumn 2021 OTA07 -HTF,Autumn 2021 OTA07 -HTF,7.41,
Autumn 2021 OTA08 -HTF,Autumn 2021 OTA08 -HTF,7.41,
Tuttie Fruity Glass #TFG01 -HTF,Tuttie Fruity Glass #TFG01 -HTF,7.41,
Tuttie Fruity Glass #TFG02 -HTF,Tuttie Fruity Glass #TFG02 -HTF,7.41,
Tuttie Fruity Glass #TFG03 -HTF,Tuttie Fruity Glass #TFG03 -HTF,7.41,
Tuttie Fruity Glass #TFG04- HTF,Tuttie Fruity Glass #TFG04- HTF,7.41,
Tuttie Fruity Glass #TFG05 -HTF,Tuttie Fruity Glass #TFG05 -HTF,7.41,
Tuttie Fruity Glass #TFG06 -HTF,Tuttie Fruity Glass #TFG06 -HTF,7.41,
By The Ocean BTO01 -HTF,By The Ocean BTO01 -HTF,8.32,
By The Ocean BTO02 -HTF,By The Ocean BTO02 -HTF,8.32,
By The Ocean BTO03 -HTF,By The Ocean BTO03 -HTF,8.32,
By The Ocean BTO04 -HTF,By The Ocean BTO04 -HTF,8.32,
By The Ocean BTO05 -HTF,By The Ocean BTO05 -HTF,8.32,
By The Ocean BTO06 -HTF,By The Ocean BTO06 -HTF,8.32,
By The Ocean BTO07 -HTF,By The Ocean BTO07 -HTF,8.32,
AD01 Bloody Red Moon -HTF,AD01 Bloody Red Moon -HTF,7.41,
AD02 Cyprus Hill Asylum -HTF,AD02 Cyprus Hill Asylum -HTF,7.41,
AD03 Strange Blue Things -HTF,AD03 Strange Blue Things -HTF,7.41,
Velvet Cat Eye #VCE01 -HTF,Velvet Cat Eye #VCE01 -HTF,9.03,
Velvet Cat Eye #VCE02 -HTF,Velvet Cat Eye #VCE02 -HTF,9.03,
Velvet Cat Eye #VCE03 -HTF,Velvet Cat Eye #VCE03 -HTF,9.03,
Velvet Cat Eye #VCE04 -HTF,Velvet Cat Eye #VCE04 -HTF,9.03,
Velvet Cat Eye #VCE05 -HTF,Velvet Cat Eye #VCE05 -HTF,9.03,
Velvet Cat Eye #VCE06 -HTF,Velvet Cat Eye #VCE06 -HTF,9.03,
Velvet Cat Eye #VCE07 -HTF,Velvet Cat Eye #VCE07 -HTF,9.03,
Velvet Cat Eye #VCE08 -HTF,Velvet Cat Eye #VCE08 -HTF,9.03,
Velvet Cat Eye #VCE09 -HTF,Velvet Cat Eye #VCE09 -HTF,9.03,
Velvet Cat Eye #VCE10 -HTF,Velvet Cat Eye #VCE10 -HTF,9.03,
Glass Cat Eye #GCE01 -HTF,Glass Cat Eye #GCE01 -HTF,8.32,
Glass Cat Eye #GCE02 -HTF,Glass Cat Eye #GCE02 -HTF,8.32,
Glass Cat Eye #GCE03 -HTF,Glass Cat Eye #GCE03 -HTF,8.32,
Glass Cat Eye #GCE04 -HTF,Glass Cat Eye #GCE04 -HTF,8.32,
Glass Cat Eye #GCE05 -HTF,Glass Cat Eye #GCE05 -HTF,8.32,
Glass Cat Eye #GCE06 -HTF,Glass Cat Eye #GCE06 -HTF,8.32,
Glass Cat Eye #GCE07 -HTF,Glass Cat Eye #GCE07 -HTF,8.32,
Dreamy Cat Eye #DCE1 -HTF,Dreamy Cat Eye #DCE1 -HTF,8.97,
Dreamy Cat Eye #DCE2 -HTF,Dreamy Cat Eye #DCE2 -HTF,8.97,
Dreamy Cat Eye #DCE3 -HTF,Dreamy Cat Eye #DCE3 -HTF,8.97,
Dreamy Cat Eye #DCE4 -HTF,Dreamy Cat Eye #DCE4 -HTF,8.97,
Rose Quartz Cat Eye #RQCE1 -HTF,Rose Quartz Cat Eye #RQCE1 -HTF,9.67,
Rose Quartz Cat Eye #RQCE2 -HTF,Rose Quartz Cat Eye #RQCE2 -HTF,9.67,
Rose Quartz Cat Eye #RQCE3 -HTF,Rose Quartz Cat Eye #RQCE3 -HTF,9.67,
FAN01 -HTF,FAN01 -HTF,9.67,
FAN02 -HTF,FAN02 -HTF,9.67,
FAN03 -HTF,FAN03 -HTF,9.67,
FAN04 -HTF,FAN04 -HTF,9.67,
FAN05 -HTF,FAN05 -HTF,9.67,
FAN06 -HTF,FAN06 -HTF,9.67,
FAN07 -HTF,FAN07 -HTF,9.67,
FAN08 -HTF,FAN08 -HTF,9.67,
FAN09 -HTF,FAN09 -HTF,9.67,
FAN10 -HTF,FAN10 -HTF,9.67,
FAN11 -HTF,FAN11 -HTF,9.67,
FAN13 -HTF,FAN13 -HTF,9.67,
GEL.IT.UP 1 R01 11ml -HTF,GEL.IT.UP 1 R01 11ml -HTF,8.97,
GEL.IT.UP 1 R02 11ml -HTF,GEL.IT.UP 1 R02 11ml -HTF,8.97,
GEL.IT.UP 1 R03 11ml -HTF,GEL.IT.UP 1 R03 11ml -HTF,8.97,
GEL.IT.UP 1 R04 11ml -HTF,GEL.IT.UP 1 R04 11ml -HTF,8.97,
GEL.IT.UP 1 R05 11ml -HTF,GEL.IT.UP 1 R05 11ml -HTF,8.97,
GEL.IT.UP 1 R06 11ml -HTF,GEL.IT.UP 1 R06 11ml -HTF,8.97,
GEL.IT.UP 1 R07 11ml -HTF,GEL.IT.UP 1 R07 11ml -HTF,8.97,
GEL.IT.UP 1 R08 11ml -HTF,GEL.IT.UP 1 R08 11ml -HTF,8.97,
GEL.IT.UP 1 R09 11ml -HTF,GEL.IT.UP 1 R09 11ml -HTF,8.97,
GEL.IT.UP 1 R10 11ml -HTF,GEL.IT.UP 1 R10 11ml -HTF,8.97,
GEL.IT.UP 1 R11 11ml -HTF,GEL.IT.UP 1 R11 11ml -HTF,8.97,
GEL.IT.UP 1 R12 11ml -HTF,GEL.IT.UP 1 R12 11ml -HTF,8.97,
GEL.IT.UP 1 R13 11ml -HTF,GEL.IT.UP 1 R13 11ml -HTF,8.97,
GEL.IT.UP 1 R14 11ml -HTF,GEL.IT.UP 1 R14 11ml -HTF,8.97,
GEL.IT.UP 1 R15 11ml -HTF,GEL.IT.UP 1 R15 11ml -HTF,8.97,
GEL.IT.UP 1 R16 11ml -HTF,GEL.IT.UP 1 R16 11ml -HTF,8.97,
GEL.IT.UP 1 R17 11ml -HTF,GEL.IT.UP 1 R17 11ml -HTF,8.97,
GEL.IT.UP 1 R18 11ml -HTF,GEL.IT.UP 1 R18 11ml -HTF,8.97,
GEL.IT.UP 1 R19 11ml -HTF,GEL.IT.UP 1 R19 11ml -HTF,8.97,
GEL.IT.UP 1 R20 11ml -HTF,GEL.IT.UP 1 R20 11ml -HTF,8.97,
GEL.IT.UP 1 R21 11ml -HTF,GEL.IT.UP 1 R21 11ml -HTF,8.97,
GEL.IT.UP 1 R22 11ml -HTF,GEL.IT.UP 1 R22 11ml -HTF,8.97,
GEL.IT.UP 1 R23 11ml -HTF,GEL.IT.UP 1 R23 11ml -HTF,8.97,
GEL.IT.UP 1 R24 11ml -HTF,GEL.IT.UP 1 R24 11ml -HTF,8.97,
GEL.IT.UP 1 R25 11ml -HTF,GEL.IT.UP 1 R25 11ml -HTF,8.97,
GEL.IT.UP 1 R26 11ml -HTF,GEL.IT.UP 1 R26 11ml -HTF,8.97,
GEL.IT.UP 1 R27 11ml -HTF,GEL.IT.UP 1 R27 11ml -HTF,8.97,
GEL.IT.UP 1 R28 11ml -HTF,GEL.IT.UP 1 R28 11ml -HTF,8.97,
GEL.IT.UP 1 R29 11ml -HTF,GEL.IT.UP 1 R29 11ml -HTF,8.97,
GEL.IT.UP 1 R30 11ml -HTF,GEL.IT.UP 1 R30 11ml -HTF,8.97,
GEL.IT.UP 1 R31 11ml -HTF,GEL.IT.UP 1 R31 11ml -HTF,8.97,
GEL.IT.UP 1 R32 11ml -HTF,GEL.IT.UP 1 R32 11ml -HTF,8.97,
GEL.IT.UP 1 R33 11ml -HTF,GEL.IT.UP 1 R33 11ml -HTF,8.97,
GEL.IT.UP 1 R34 11ml -HTF,GEL.IT.UP 1 R34 11ml -HTF,8.97,
GEL.IT.UP 1 R35 11ml -HTF,GEL.IT.UP 1 R35 11ml -HTF,8.97,
GEL.IT.UP 1 R36 11ml -HTF,GEL.IT.UP 1 R36 11ml -HTF,8.97,
GEL.IT.UP 1 R37 11ml -HTF,GEL.IT.UP 1 R37 11ml -HTF,8.97,
GEL.IT.UP 1 R38 11ml -HTF,GEL.IT.UP 1 R38 11ml -HTF,8.97,
GEL.IT.UP 1 R39 11ml -HTF,GEL.IT.UP 1 R39 11ml -HTF,8.97,
GEL.IT.UP 1 R40 11ml -HTF,GEL.IT.UP 1 R40 11ml -HTF,8.97,
Jelly Neon Flash #JNF01 -HTF,Jelly Neon Flash #JNF01 -HTF,7.41,
Jelly Neon Flash #JNF02 -HTF,Jelly Neon Flash #JNF02 -HTF,7.41,
Jelly Neon Flash #JNF03 -HTF,Jelly Neon Flash #JNF03 -HTF,7.41,
Jelly Neon Flash #JNF04 -HTF,Jelly Neon Flash #JNF04 -HTF,7.41,
Jelly Neon Flash #JNF05 -HTF,Jelly Neon Flash #JNF05 -HTF,7.41,
Jelly Neon Flash #JNF06 -HTF,Jelly Neon Flash #JNF06 -HTF,7.41,
New York Party #NYP01 -HTF,New York Party #NYP01 -HTF,7.41,
New York Party #NYP02 -HTF,New York Party #NYP02 -HTF,7.41,
New York Party #NYP03 -HTF,New York Party #NYP03 -HTF,7.41,
New York Party #NYP04 -HTF,New York Party #NYP04 -HTF,7.41,
PMA #1 Champagne Blizzard -HTF,PMA #1 Champagne Blizzard -HTF,7.41,
PMA #2 Cosmic Confection -HTF,PMA #2 Cosmic Confection -HTF,7.41,
PMA #3 Pop Dot Drama -HTF,PMA #3 Pop Dot Drama -HTF,7.41,
PMA #4 Kapow -HTF,PMA #4 Kapow -HTF,7.41,
PMA #5 Comic Strip Crimson -HTF,PMA #5 Comic Strip Crimson -HTF,7.41,
PMA #6 Pop Popsicle Pink -HTF,PMA #6 Pop Popsicle Pink -HTF,7.41,
PMA #7 Blasted Blue -HTF,PMA #7 Blasted Blue -HTF,7.41,
PMA #8 Vibrant Vector Violet -HTF,PMA #8 Vibrant Vector Violet -HTF,7.41,
SS01 SPIX and SPEX Kaleidascope -HTF,SS01 SPIX and SPEX Kaleidascope -HTF,8.32,
SS02 SPIX and SPEX Delphinium -HTF,SS02 SPIX and SPEX Delphinium -HTF,8.32,
SS03 SPIX and SPEX Giddy Grape -HTF,SS03 SPIX and SPEX Giddy Grape -HTF,8.32,
SS04 SPIX and SPEX Popping Candy -HTF,SS04 SPIX and SPEX Popping Candy -HTF,8.32,
SS05 SPIX and SPEX Lemon Sorbet -HTF,SS05 SPIX and SPEX Lemon Sorbet -HTF,8.32,
SS06 SPIX and SPEX Tusk Tusk -HTF,SS06 SPIX and SPEX Tusk Tusk -HTF,8.32,
LINE IT UP APRICOT -HTF,LINE IT UP APRICOT -HTF,5.48,
LINE IT UP BLACK -HTF,LINE IT UP BLACK -HTF,5.48,
LINE IT UP GOLD -HTF,LINE IT UP GOLD -HTF,5.48,
LINE IT UP GREEN -HTF,LINE IT UP GREEN -HTF,5.48,
LINE IT UP LAVENDER -HTF,LINE IT UP LAVENDER -HTF,5.48,
LINE IT UP LILAC -HTF,LINE IT UP LILAC -HTF,5.48,
LINE IT UP MAGENTA -HTF,LINE IT UP MAGENTA -HTF,5.48,
LINE IT UP MINT -HTF,LINE IT UP MINT -HTF,5.48,
LINE IT UP ORANGE -HTF,LINE IT UP ORANGE -HTF,5.48,
LINE IT UP PINK -HTF,LINE IT UP PINK -HTF,5.48,
LINE IT UP PISTACHIO -HTF,LINE IT UP PISTACHIO -HTF,5.48,
LINE IT UP PYRITE -HTF,LINE IT UP PYRITE -HTF,5.48,
LINE IT UP RED -HTF,LINE IT UP RED -HTF,5.48,
LINE IT UP ROSE -HTF,LINE IT UP ROSE -HTF,5.48,
LINE IT UP SILVER -HTF,LINE IT UP SILVER -HTF,5.48,
LINE IT UP SKY -HTF,LINE IT UP SKY -HTF,5.48,
LINE IT UP WHITE -HTF,LINE IT UP WHITE -HTF,5.48,
LINE IT UP YELLOW -HTF,LINE IT UP YELLOW -HTF,5.48,
Metallic Collection #MC1 -HTF,Metallic Collection #MC1 -HTF,8.32,
Metallic Collection #MC2 -HTF,Metallic Collection #MC2 -HTF,8.32,
Metallic Collection #MC3 -HTF,Metallic Collection #MC3 -HTF,8.32,
Metallic Collection #MC4 -HTF,Metallic Collection #MC4 -HTF,8.32,
Metallic Collection #MC5 -HTF,Metallic Collection #MC5 -HTF,8.32,
Metallic Collection #MC6 -HTF,Metallic Collection #MC6 -HTF,8.32,
Metallic Collection #MC7 -HTF,Metallic Collection #MC7 -HTF,8.32,
Metallic Collection #MC8 -HTF,Metallic Collection #MC8 -HTF,8.32,
Shimmer Collection #SH1 -HTF,Shimmer Collection #SH1 -HTF,7.41,
Shimmer Collection #SH2 -HTF,Shimmer Collection #SH2 -HTF,7.41,
Shimmer Collection #SH3 -HTF,Shimmer Collection #SH3 -HTF,7.41,
Shimmer Collection #SH4 -HTF,Shimmer Collection #SH4 -HTF,7.41,
Shimmer Collection #SH5 -HTF,Shimmer Collection #SH5 -HTF,7.41,
Shimmer Collection #SH6 -HTF,Shimmer Collection #SH6 -HTF,7.41,
Marble-It by GIUP #01,Marble-It by GIUP #01,7.41,
Marble-It by GIUP #02,Marble-It by GIUP #02,7.41,
Marble-It by GIUP #03,Marble-It by GIUP #03,7.41,
Marble-It by GIUP #04,Marble-It by GIUP #04,7.41,
Marble-It by GIUP #05,Marble-It by GIUP #05,7.41,
Marble-It by GIUP #06,Marble-It by GIUP #06,7.41,
Marble-It by GIUP #07,Marble-It by GIUP #07,7.41,
Marble-It by GIUP #08,Marble-It by GIUP #08,7.41,
Marble-It by GIUP #09,Marble-It by GIUP #09,7.41,
Marble-It by GIUP #10,Marble-It by GIUP #10,7.41,
Marble-It by GIUP #11,Marble-It by GIUP #11,7.41,
Marble-It by GIUP #12,Marble-It by GIUP #12,7.41,
Marble-It by GIUP #13,Marble-It by GIUP #13,7.41,
Marble-It by GIUP #14,Marble-It by GIUP #14,7.41,
Marble-It by GIUP #15,Marble-It by GIUP #15,7.41,
Marble-It by GIUP #16,Marble-It by GIUP #16,7.41,
Marble-It by GIUP #17,Marble-It by GIUP #17,7.41,
Marble-It by GIUP #18,Marble-It by GIUP #18,7.41,
Super Fan Top Coat 11ml FAN12 -HTF,Super Fan Top Coat 11ml FAN12 -HTF,11.52,
Super Flash Top Coat 11ml -HTF,Super Flash Top Coat 11ml -HTF,11.52,
Superbond Nail Dehydrator 11ml - Acid Free -HTF,Superbond Nail Dehydrator 11ml - Acid Free -HTF,6.78,
Superbond Nail Dehydrator 11ml - with Acid -HTF,Superbond Nail Dehydrator 11ml - with Acid -HTF,6.78,
Shimmer Top Fairy #STF 01 -HTF,Shimmer Top Fairy #STF 01 -HTF,8.97,
Shimmer Top Fairy #STF 02 -HTF,Shimmer Top Fairy #STF 02 -HTF,8.97,
Shimmer Top Fairy #STF 03 -HTF,Shimmer Top Fairy #STF 03 -HTF,8.97,
Shimmer Top Fairy #STF 04 -HTF,Shimmer Top Fairy #STF 04 -HTF,8.97,
Shimmer Top Fairy #STF 05 -HTF,Shimmer Top Fairy #STF 05 -HTF,8.97,
DT01 Dandelion Diamond Top 11ml -HTF,DT01 Dandelion Diamond Top 11ml -HTF,9.48,
DT02 Diamond Dust Diamond Top 11ml -HTF,DT02 Diamond Dust Diamond Top 11ml -HTF,9.48,
DT03 Sugar Socks Diamond Top 11ml -HTF,DT03 Sugar Socks Diamond Top 11ml -HTF,9.48,
DT04 Chipper Diamond Top 11ml -HTF,DT04 Chipper Diamond Top 11ml -HTF,9.48,
NW01 Spot my top -HTF,NW01 Spot my top -HTF,8.97,
NW02 Sopt my top -HTF,NW02 Sopt my top -HTF,8.97,
NW03 Spot my top -HTF,NW03 Spot my top -HTF,8.97,
MT01 Spot my top -HTF,MT01 Spot my top -HTF,8.97,
MT02 Spot my top -HTF,MT02 Spot my top -HTF,8.97,
MT03 Spot my top -HTF,MT03 Spot my top -HTF,8.97,
MT04 Spot my top -HTF,MT04 Spot my top -HTF,8.97,
MT05 Spot my top -HTF,MT05 Spot my top -HTF,8.97,
MT06 Spot my top -HTF,MT06 Spot my top -HTF,8.97,
Liquid Polygel #LPG1 -HTF,Liquid Polygel #LPG1 -HTF,9.61,
Liquid Polygel #LPG2 -HTF,Liquid Polygel #LPG2 -HTF,9.61,
Liquid Polygel #LPG3 -HTF,Liquid Polygel #LPG3 -HTF,9.61,
Liquid Polygel #LPG4 -HTF,Liquid Polygel #LPG4 -HTF,9.61,
Liquid Polygel #LPG5 -HTF,Liquid Polygel #LPG5 -HTF,9.61,
Liquid Polygel #LPG6 -HTF,Liquid Polygel #LPG6 -HTF,9.61,
Liquid Polygel #LPG7 -HTF,Liquid Polygel #LPG7 -HTF,9.61,
Liquid Polygel #LPG8 -HTF,Liquid Polygel #LPG8 -HTF,9.61,
Blossom Flower Power 15ml -HTF,Blossom Flower Power 15ml -HTF,7.68,
Brush on Builder Gel Clear 15ml -HTF,Brush on Builder Gel Clear 15ml -HTF,11.94,
Brush on Builder Gel Cover 15ml -HTF,Brush on Builder Gel Cover 15ml -HTF,11.94,
Brush on Builder Gel Pink 15ml -HTF,Brush on Builder Gel Pink 15ml -HTF,11.94,
Brush on Builder Gel Creamy 15ml -HTF,Brush on Builder Gel Creamy 15ml -HTF,11.94,
Brush on Builder Gel Nude 15ml -HTF,Brush on Builder Gel Nude 15ml -HTF,11.94,
Brush on Builder Gel Purple 15ml -HTF,Brush on Builder Gel Purple 15ml -HTF,11.94,
Brush on Builder Gel Dusty Shimmer 15ml -HTF,Brush on Builder Gel Dusty Shimmer 15ml -HTF,11.94,
Brush on Builder Gel Milky 15ml -HTF,Brush on Builder Gel Milky 15ml -HTF,11.94,
Brush on Builder Gel Lilac 15ml -HTF,Brush on Builder Gel Lilac 15ml -HTF,11.94,
Brush on Builder Gel Blush Pink 15ml -HTF,Brush on Builder Gel Blush Pink 15ml -HTF,11.94,
Brush on Builder Gel Soft Pink 15ml -HTF,Brush on Builder Gel Soft Pink 15ml -HTF,11.94,
Brush on Builder Gel Glittery Pink 15ml -HTF,Brush on Builder Gel Glittery Pink 15ml -HTF,11.94,
Brush on Builder Gel Magenta Glitter 15ml -HTF,Brush on Builder Gel Magenta Glitter 15ml -HTF,11.94,
Brush on Builder Gel Milky Glitter 15ml -HTF,Brush on Builder Gel Milky Glitter 15ml -HTF,11.94,
Brush on Builder Gel Rose Glitter 15ml -HTF,Brush on Builder Gel Rose Glitter 15ml -HTF,11.94,
Brush on Builder Gel Salmon Glitter 15ml -HTF,Brush on Builder Gel Salmon Glitter 15ml -HTF,11.94,
Satin Matt RS Top 15 ml -HTF,Satin Matt RS Top 15 ml -HTF,11.54,
Wipe Off Top Coat 15 ml,Wipe Off Top Coat 15 ml,9.24,
Non Wipe Top Coat 15ml -HTF,Non Wipe Top Coat 15ml -HTF,10.84,
Aurora Flakes Non Wipe Top Coat 15ml -HTF,Aurora Flakes Non Wipe Top Coat 15ml -HTF,11.54,
Non Wipe Top Coat Milky 15ml -HTF,Non Wipe Top Coat Milky 15ml -HTF,11.54,
Non Wipe Top Coat Perfect Shape 15ml -HTF,Non Wipe Top Coat Perfect Shape 15ml -HTF,11.54,
5-in-1 Superior Base 15ml Clear -HTF,5-in-1 Superior Base 15ml Clear -HTF,12.84,
5-in-1 Superior Base 15ml Milky Pink -HTF,5-in-1 Superior Base 15ml Milky Pink -HTF,12.84,
5-in-1 Superior Base 15ml Pretty Pink -HTF,5-in-1 Superior Base 15ml Pretty Pink -HTF,12.84,
5-in-1 Superior Base 15ml Baby Pink -HTF,5-in-1 Superior Base 15ml Baby Pink -HTF,12.84,
5-in-1 Superior Base 15ml Candy Pink -HTF,5-in-1 Superior Base 15ml Candy Pink -HTF,12.84,
5-in-1 Superior Base 15ml Sweet Pink -HTF,5-in-1 Superior Base 15ml Sweet Pink -HTF,12.84,
5-IN-1 Superior Base 15ml Glittery Pink -HTF,5-IN-1 Superior Base 15ml Glittery Pink -HTF,12.84,
5-in-1 Superior Base 15ml Glittery Peach -HTF,5-in-1 Superior Base 15ml Glittery Peach -HTF,12.84,
5-IN-1 Superior Base 15ml Irridecent Pink -HTF,5-IN-1 Superior Base 15ml Irridecent Pink -HTF,12.84,
5-in-1 Superior Base 15ml Iridescent Milky Flakes -HTF,5-in-1 Superior Base 15ml Iridescent Milky Flakes -HTF,12.84,
5-in-1 Superior Base 15ml Lilac -HTF,5-in-1 Superior Base 15ml Lilac -HTF,12.84,
5-IN-1 Superior Base 15ml Milky Glitter -HTF,5-IN-1 Superior Base 15ml Milky Glitter -HTF,12.84,
5-in-1 Superior Base 15ml Milky White -HTF,5-in-1 Superior Base 15ml Milky White -HTF,12.84,
5-in-1 Superior Base 15ml Nude -HTF,5-in-1 Superior Base 15ml Nude -HTF,12.84,
5-IN-1 Superior Base 15ml Soft Nude -HTF,5-IN-1 Superior Base 15ml Soft Nude -HTF,12.84,
Base Coat 15ml -HTF,Base Coat 15ml -HTF,10.84,
Flexi Base Clear -HTF,Flexi Base Clear -HTF,11.94,
Acrylic Classic Powder Clear 35g -HTF,Acrylic Classic Powder Clear 35g -HTF,15.40,
Acrylic Classic Powder Pink 35g -HTF,Acrylic Classic Powder Pink 35g -HTF,15.40,
Acrylic Classic Powder White 35g -HTF,Acrylic Classic Powder White 35g -HTF,15.40,
Acrylic Compete Powder Clear 35g -HTF,Acrylic Compete Powder Clear 35g -HTF,15.40,
Acrylic Compete Powder Cover 35g -HTF,Acrylic Compete Powder Cover 35g -HTF,15.40,
Acrylic Compete Powder Extreme White 35g -HTF,Acrylic Compete Powder Extreme White 35g -HTF,15.40,
Acrylic Compete Powder Milky White 35g -HTF,Acrylic Compete Powder Milky White 35g -HTF,15.40,
Acrylic Compete Powder Pink 35g -HTF,Acrylic Compete Powder Pink 35g -HTF,15.40,
Acrylic Compete Liquid 500ml -HTF,Acrylic Compete Liquid 500ml -HTF,35.48,
Acrylic Classic Liquid 500ml -HTF,Acrylic Classic Liquid 500ml -HTF,35.48,
3-in-1 Builder Gel Clear 40g -HTF,3-in-1 Builder Gel Clear 40g -HTF,23.16,
3-in-1 Builder Gel Cover 40g -HTF,3-in-1 Builder Gel Cover 40g -HTF,23.16,
3-in-1 Builder Gel Pink 40g -HTF,3-in-1 Builder Gel Pink 40g -HTF,23.16,
3-Phase Builder Gel Clear 40g -HTF,3-Phase Builder Gel Clear 40g -HTF,23.16,
3-Phase Builder Gel Cover 40g -HTF,3-Phase Builder Gel Cover 40g -HTF,23.16,
3-Phase Builder Gel White 40g -HTF,3-Phase Builder Gel White 40g -HTF,23.16,
Crystal Clear Builder Gel 40gr -HTF,Crystal Clear Builder Gel 40gr -HTF,24.45,
COOL CARE Builder Gel 40gr -HTF,COOL CARE Builder Gel 40gr -HTF,23.16,
Premium Builder Gel Clear 40gr -HTF,Premium Builder Gel Clear 40gr -HTF,24.45,
Premium Plus Fiber Glass Builder Gel 40gr -HTF,Premium Plus Fiber Glass Builder Gel 40gr -HTF,24.45,
Premium Builder Gel Pink 40gr -HTF,Premium Builder Gel Pink 40gr -HTF,24.45,
Premium Builder Gel White 40gr -HTF,Premium Builder Gel White 40gr -HTF,24.45,
Premium Builder Gel Blush 40gr -HTF,Premium Builder Gel Blush 40gr -HTF,24.45,
Premium Builder Gel Cover 40gr -HTF,Premium Builder Gel Cover 40gr -HTF,24.45,
Premium Builder Gel Milky 40gr -HTF,Premium Builder Gel Milky 40gr -HTF,24.45,
Premium Builder Gel Nude 40gr -HTF,Premium Builder Gel Nude 40gr -HTF,24.45,
Premium Builder Gel Nude II 40gr -HTF,Premium Builder Gel Nude II 40gr -HTF,24.45,
Premium Builder Gel Pearly Nude 40gr -HTF,Premium Builder Gel Pearly Nude 40gr -HTF,24.45,
Premium Builder Gel Pearly Pink 40gr -HTF,Premium Builder Gel Pearly Pink 40gr -HTF,24.45,
3-in-1 Shimmery Builder Gel 40g Clear Iridescent -HTF,3-in-1 Shimmery Builder Gel 40g Clear Iridescent -HTF,23.16,
3-in-1 Shimmery Builder Gel 40g Cover -HTF,3-in-1 Shimmery Builder Gel 40g Cover -HTF,23.16,
3-in-1 Shimmery Builder Gel 40g Light Lilac -HTF,3-in-1 Shimmery Builder Gel 40g Light Lilac -HTF,23.16,
3-in-1 Shimmery Builder Gel 40g Pink Marmalade -HTF,3-in-1 Shimmery Builder Gel 40g Pink Marmalade -HTF,23.16,
MultiMix Synthogel 30g Blue Glitter -HTF,MultiMix Synthogel 30g Blue Glitter -HTF,12.19,
Multimix Synthogel 30g Light Nude -HTF,Multimix Synthogel 30g Light Nude -HTF,12.19,
MultiMix Synthogel 30gr Baby Blue -HTF,MultiMix Synthogel 30gr Baby Blue -HTF,12.19,
MultiMix Synthogel 30gr Baby Pink Glitter -HTF,MultiMix Synthogel 30gr Baby Pink Glitter -HTF,12.19,
MultiMix Synthogel 30gr Bubble Gum Glitter -HTF,MultiMix Synthogel 30gr Bubble Gum Glitter -HTF,12.19,
MultiMix Synthogel 30gr Clear -HTF,MultiMix Synthogel 30gr Clear -HTF,12.19,
MultiMix Synthogel 30gr Glitsy Green -HTF,MultiMix Synthogel 30gr Glitsy Green -HTF,12.19,
MultiMix Synthogel 30gr Minty Green -HTF,MultiMix Synthogel 30gr Minty Green -HTF,12.19,
MultiMix Synthogel 30gr Pink III -HTF,MultiMix Synthogel 30gr Pink III -HTF,12.19,
MultiMix Synthogel 30gr Super Soft Pink -HTF,MultiMix Synthogel 30gr Super Soft Pink -HTF,12.19,
MultiMix Synthogel 60gr Black -HTF,MultiMix Synthogel 60gr Black -HTF,21.29,
MultiMix Synthogel 60gr Clear -HTF,MultiMix Synthogel 60gr Clear -HTF,21.29,
MultiMix Synthogel 60gr Clear Glitter -HTF,MultiMix Synthogel 60gr Clear Glitter -HTF,21.29,
MultiMix Synthogel 60gr Cover -HTF,MultiMix Synthogel 60gr Cover -HTF,21.29,
MultiMix Synthogel 60gr Cover II -HTF,MultiMix Synthogel 60gr Cover II -HTF,21.29,
MultiMix Synthogel 60gr Light Lilac -HTF,MultiMix Synthogel 60gr Light Lilac -HTF,21.29,
MultiMix Synthogel 60gr Light Pink -HTF,MultiMix Synthogel 60gr Light Pink -HTF,21.29,
MultiMix Synthogel 60gr Milky White -HTF,MultiMix Synthogel 60gr Milky White -HTF,21.29,
MultiMix Synthogel 60gr Nude -HTF,MultiMix Synthogel 60gr Nude -HTF,21.29,
MultiMix Synthogel 60gr Pink -HTF,MultiMix Synthogel 60gr Pink -HTF,21.29,
MultiMix Synthogel 60gr Pink II -HTF,MultiMix Synthogel 60gr Pink II -HTF,21.29,
MultiMix Synthogel 60gr Super Milky -HTF,MultiMix Synthogel 60gr Super Milky -HTF,21.29,
MultiMix Synthogel 60gr White -HTF,MultiMix Synthogel 60gr White -HTF,21.29,
MultiMix Synthogel 60gr Crystal Clear -HTF,MultiMix Synthogel 60gr Crystal Clear -HTF,21.29,
MultiMix Synthogel 60gr Clear Glitter -HTF,MultiMix Synthogel 60gr Clear Glitter -HTF,21.29,
MultiMix Synthogel 60gr Glitter Gold -HTF,MultiMix Synthogel 60gr Glitter Gold -HTF,21.29,
MultiMix Synthogel 60gr Glitter Nude -HTF,MultiMix Synthogel 60gr Glitter Nude -HTF,21.29,
MultiMix Synthogel 60gr Glitter Pink -HTF,MultiMix Synthogel 60gr Glitter Pink -HTF,21.29,
MultiMix Synthogel 60gr Glitter Pink II -HTF,MultiMix Synthogel 60gr Glitter Pink II -HTF,21.29,
MultiMix Synthogel 60gr Glitter White -HTF,MultiMix Synthogel 60gr Glitter White -HTF,21.29,
MultiMix Syntholiquid 100ml -HTF,MultiMix Syntholiquid 100ml -HTF,5.10,
Cleanser 200 ml -HTF,Cleanser 200 ml -HTF,4.78,
Sanitizer 200ml -HTF,Sanitizer 200ml -HTF,4.78,
Dazzle Me 1gr GP06-Extreme Mirror,Dazzle Me 1gr GP06-Extreme Mirror,2.76,
Dazzle Me Clear 1gr,Dazzle Me Clear 1gr,2.76,
SP8001 Mirror Clear Powder,SP8001 Mirror Clear Powder,5.15,
TR01 Mirror X1 Powder,TR01 Mirror X1 Powder,5.15,
TR02 Mirror X2 Powder,TR02 Mirror X2 Powder,5.15,
TR03 Mirror X3 Powder,TR03 Mirror X3 Powder,5.15,
TR04 Mirror X4 Powder,TR04 Mirror X4 Powder,5.15,
TR05 Mirror X5 Powder,TR05 Mirror X5 Powder,5.15,
TR06 Mirror X6 Powder,TR06 Mirror X6 Powder,5.15,
CM12 Mirror X7 Powder,CM12 Mirror X7 Powder,5.15,
Cushion Pro Gel Black -HTF,Cushion Pro Gel Black -HTF,6.39,
Cushion Pro Gel White -HTF,Cushion Pro Gel White -HTF,6.39,
Cobweb Gel Black -HTF,Cobweb Gel Black -HTF,7.41,
Cobweb Gel White -HTF,Cobweb Gel White -HTF,7.41,
GEL IT UP FOOT CREAM 1000ml CALM FROST NEW,GEL IT UP FOOT CREAM 1000ml CALM FROST NEW,17.36,
GEL IT UP FOOT CREAM 1000ml SASSY SASSY NEW,GEL IT UP FOOT CREAM 1000ml SASSY SASSY NEW,17.36,
GEL IT UP FOOT CREAM 1000ml SILKY BLISS NEW,GEL IT UP FOOT CREAM 1000ml SILKY BLISS NEW,17.36,
GEL IT UP FOOT CREAM 100ml CALM FROST NEW,GEL IT UP FOOT CREAM 100ml CALM FROST NEW,5.16,
GEL IT UP FOOT CREAM 100ml SASSY SASSY NEW,GEL IT UP FOOT CREAM 100ml SASSY SASSY NEW,5.16,
GEL IT UP FOOT CREAM 100ml SILKY BLISS NEW,GEL IT UP FOOT CREAM 100ml SILKY BLISS NEW,5.16,
GEL IT UP HAND AND BODY CREAM 1000ml CALM FROST NEW,GEL IT UP HAND AND BODY CREAM 1000ml CALM FROST NEW,17.36,
GEL IT UP HAND AND BODY CREAM 1000ml SASSY SASSY NEW,GEL IT UP HAND AND BODY CREAM 1000ml SASSY SASSY NEW,17.36,
GEL IT UP HAND AND BODY CREAM 1000ml SILKY BLISS NEW,GEL IT UP HAND AND BODY CREAM 1000ml SILKY BLISS NEW,17.36,
GEL IT UP HAND AND BODY CREAM 100ml CALM FROST NEW,GEL IT UP HAND AND BODY CREAM 100ml CALM FROST NEW,5.16,
GEL IT UP HAND AND BODY CREAM 100ml SASSY SASSY NEW,GEL IT UP HAND AND BODY CREAM 100ml SASSY SASSY NEW,5.16,
GEL IT UP HAND AND BODY CREAM 100ml SILKY BLISS NEW,GEL IT UP HAND AND BODY CREAM 100ml SILKY BLISS NEW,5.16,
GEL IT UP SCRUB 200ml CALM FROST NEW,GEL IT UP SCRUB 200ml CALM FROST NEW,6.45,
GEL IT UP SCRUB 200ml SASSY SASSY NEW,GEL IT UP SCRUB 200ml SASSY SASSY NEW,6.45,
GEL IT UP SCRUB 200ml SILKY BLISS NEW,GEL IT UP SCRUB 200ml SILKY BLISS NEW,6.45,
GEL IT UP SCRUB 750ml CALM FROST NEW,GEL IT UP SCRUB 750ml CALM FROST NEW,16.06,
GEL IT UP SCRUB 750ml SASSY SASSY NEW,GEL IT UP SCRUB 750ml SASSY SASSY NEW,16.06,
GEL IT UP SCRUB 750ml SILKY BLISS NEW,GEL IT UP SCRUB 750ml SILKY BLISS NEW,16.06,
Salt of the 7 Seas Foot Scrub 370g NEW,Salt of the 7 Seas Foot Scrub 370g NEW,6.45,
Perky Peach Cuticle Oil 100ml -HTF,Perky Peach Cuticle Oil 100ml -HTF,7.20,
Perky Peach Cuticle Oil 5ml -HTF,Perky Peach Cuticle Oil 5ml -HTF,1.60,
Chilled Melon Cuticle Oil 100ml -HTF,Chilled Melon Cuticle Oil 100ml -HTF,7.20,
Chilled Melon Cuticle Oil 5ml -HTF,Chilled Melon Cuticle Oil 5ml -HTF,1.60,
Cooling Coconut Cuticle Oil 100ml -HTF,Cooling Coconut Cuticle Oil 100ml -HTF,7.20,
Cooling Coconut Cuticle Oil 5ml -HTF,Cooling Coconut Cuticle Oil 5ml -HTF,1.60,
Almond Cuticle Scrub Remover 100ml -HTF,Almond Cuticle Scrub Remover 100ml -HTF,9.60,
Almond Cuticle Scrub Remover 5ml -HTF,Almond Cuticle Scrub Remover 5ml -HTF,1.68,
PhotoPerfect Cuticle Oil New,PhotoPerfect Cuticle Oil New,6.66,
Sugary Glitter pigment 3gr 01 -HTF,Sugary Glitter pigment 3gr 01 -HTF,3.22,
Sugary Glitter pigment 3gr 02 -HTF,Sugary Glitter pigment 3gr 02 -HTF,3.22,
Sugary Glitter pigment 3gr 03 -HTF,Sugary Glitter pigment 3gr 03 -HTF,3.22,
Sugary Glitter pigment 3gr 04 -HTF,Sugary Glitter pigment 3gr 04 -HTF,3.22,
Sugary Glitter pigment 3gr 05 -HTF,Sugary Glitter pigment 3gr 05 -HTF,3.22,
Sugary Glitter pigment 3gr 06 -HTF,Sugary Glitter pigment 3gr 06 -HTF,3.22,
Sugary Glitter pigment 3gr 07 -HTF,Sugary Glitter pigment 3gr 07 -HTF,3.22,
Nail Clips Dual Forms Pack of Single,Nail Clips Dual Forms Pack of Single,0.75,
Nail Files 100/100,Nail Files 100/100,0.72,
Nail Files 180/180 Pink Sponge,Nail Files 180/180 Pink Sponge,1.10,
Nail Files Boat Shape 100/180,Nail Files Boat Shape 100/180,1.10,
Wooden File Super thin 100/100 with Logo,Wooden File Super thin 100/100 with Logo,0.72,
Nail Files With Back Glue 100 Packet of 10,Nail Files With Back Glue 100 Packet of 10,3.81,
Nail Files With Back Glue 120 Packet of 10,Nail Files With Back Glue 120 Packet of 10,3.81,
Nail Files With Back Glue 180 Packet of 10,Nail Files With Back Glue 180 Packet of 10,3.81,
GIUP Boat Shape metallic Nail File,GIUP Boat Shape metallic Nail File,3.81,
GIUP Boat Shape Nail File 100/120 Purple Sponge,GIUP Boat Shape Nail File 100/120 Purple Sponge,1.10,
GIUP Boat Shape Nail File 220/240,GIUP Boat Shape Nail File 220/240,1.10,
GIUP Buffing Block 180/180 Packet of 10,GIUP Buffing Block 180/180 Packet of 10,8.60,
GEL.IT.UP by GIUP® Nail Forms,GEL.IT.UP by GIUP® Nail Forms,18.00,
Nail sticks clear with ring,Nail sticks clear with ring,5.82,
Natural nail sticks,Natural nail sticks,5.82,
Nail wipes 1000s,Nail wipes 1000s,4.96,
SD-1933 Nail Decals French - White,SD-1933 Nail Decals French - White,4.41,
SD-1934 Nail Decals French - Black,SD-1934 Nail Decals French - Black,4.41,
Apron Black With Logo,Apron Black With Logo,11.61,
Aquarela Brush Rose Gold,Aquarela Brush Rose Gold,10.90,
Polygel Brush and Spatula Rose Gold,Polygel Brush and Spatula Rose Gold,10.90,
Polygel 2 Brush and Spatula Rose Gold,Polygel 2 Brush and Spatula Rose Gold,10.90,
Skinny Liner brush 5-7,Skinny Liner brush 5-7,10.26,
Skinny Liner brush 9-11,Skinny Liner brush 9-11,10.26,
#8 Acrylic brush Rose Gold,#8 Acrylic brush Rose Gold,16.06,
#10 Acrylic Application Brush Rose Gold,#10 Acrylic Application Brush Rose Gold,16.06,
#12 Acrylic Brush Rose Gold,#12 Acrylic Brush Rose Gold,16.06,
#6 Gel Brush Rose Gold,#6 Gel Brush Rose Gold,16.06,
#8 Gel Brush Rose Gold,#8 Gel Brush Rose Gold,10.26,
French Nail Brush Rose Gold,French Nail Brush Rose Gold,10.26,
Ombre brush,Ombre brush,10.26,
Ombre sponge,Ombre sponge,6.40,
Cross Magnet Black,Cross Magnet Black,5.20,
Cross Magnet Pink,Cross Magnet Pink,5.20,
Standard Dual Reverse Tips 120 s,Standard Dual Reverse Tips 120 s,5.53,
DUAL FORMS ALMOND,DUAL FORMS ALMOND,6.38,
DUAL FORMS BALLERINA,DUAL FORMS BALLERINA,6.38,
DUAL FORMS LONG ALMOND,DUAL FORMS LONG ALMOND,6.38,
DUAL FORMS MODERN SQUARE,DUAL FORMS MODERN SQUARE,6.38,
DUAL FORMS RUSSIAN ALMOND,DUAL FORMS RUSSIAN ALMOND,6.38,
DUAL FORMS SQUARE,DUAL FORMS SQUARE,6.38,
DUAL FORMS SQUOVAL,DUAL FORMS SQUOVAL,6.38,
NAIL EXTENSION DUAL FORMS RUSSIAN ALMOND,NAIL EXTENSION DUAL FORMS RUSSIAN ALMOND,7.73,
NAIL EXTENSION DUAL FORMS SQUARE,NAIL EXTENSION DUAL FORMS SQUARE,7.73,
SOAK OFF GEL TIPS LONG ALMOND,SOAK OFF GEL TIPS LONG ALMOND,8.97,
SOAK OFF GEL TIPS LONG COFFIN,SOAK OFF GEL TIPS LONG COFFIN,8.97,
SOAK OFF GEL TIPS MEDIUM SQUARE,SOAK OFF GEL TIPS MEDIUM SQUARE,8.97,
SOAK OFF GEL TIPS SHORT ALMOND,SOAK OFF GEL TIPS SHORT ALMOND,8.97,
FLEXI Soak Off Nail Tips Medium Square -2025,FLEXI Soak Off Nail Tips Medium Square -2025,6.00,
FLEXI Soak Off Nail Tips Long Almond -2025,FLEXI Soak Off Nail Tips Long Almond -2025,6.00,
FLEXI Soak Off Nail Tips Short Almond -2025,FLEXI Soak Off Nail Tips Short Almond -2025,6.00,
DUAL FORMS MIX COLOR AND SHAPE,DUAL FORMS MIX COLOR AND SHAPE,15.91,
Led Heli Light,Led Heli Light,5.74,
Watercolors Aquarelle Pallete,Watercolors Aquarelle Pallete,22.58,
Professional Head Cutter Nipper Half Blade L 11.5cm 1006 New,Professional Head Cutter Nipper Half Blade L 11.5cm 1006 New,16.06,
Corner Nippers Flame Shaped L 10cm 1115 New,Corner Nippers Flame Shaped L 10cm 1115 New,16.06,
Corner Nippers Straight Cutter Design Handle  L 11cm 1119 New,Corner Nippers Straight Cutter Design Handle  L 11cm 1119 New,16.06,
"Professional Premium Cuticle Nipper, Oval Fine Cut – 3mm 2119 New","Professional Premium Cuticle Nipper, Oval Fine Cut – 3mm 2119 New",12.83,
"Professional Premium Cuticle Nipper, Oval Fine Cut – 5mm 2119 New","Professional Premium Cuticle Nipper, Oval Fine Cut – 5mm 2119 New",12.83,
"Professional Premium Cuticle Nipper, Oval Fine Cut – 7mm 2119 New","Professional Premium Cuticle Nipper, Oval Fine Cut – 7mm 2119 New",12.83,
"Professional Premium Cuticle Nipper, Oval Round Fine Cut – 3mm 2120 New","Professional Premium Cuticle Nipper, Oval Round Fine Cut – 3mm 2120 New",13.12,
"Professional Premium Cuticle Nipper, Oval Round Fine Cut – 5mm 2120 New","Professional Premium Cuticle Nipper, Oval Round Fine Cut – 5mm 2120 New",13.12,
"Professional Premium Cuticle Nipper, Oval Round Fine Cut – 7mm 2120 New","Professional Premium Cuticle Nipper, Oval Round Fine Cut – 7mm 2120 New",13.12,
"Professional Premium Cuticle Nipper, Fine Cut – 3mm 2117 New","Professional Premium Cuticle Nipper, Fine Cut – 3mm 2117 New",13.12,
"Professional Premium Cuticle Nipper, Fine Cut – 5mm 2117 New","Professional Premium Cuticle Nipper, Fine Cut – 5mm 2117 New",13.12,
"Professional Premium Cuticle Nipper, Fine Cut – 7mm 2117 New","Professional Premium Cuticle Nipper, Fine Cut – 7mm 2117 New",13.12,
"Professional Cuticle Scissors, Curved 1463 New","Professional Cuticle Scissors, Curved 1463 New",10.96,
"Professional Cuticle Scissors, Curved 1466 New","Professional Cuticle Scissors, Curved 1466 New",15.76,
"Professional Spring Scissors, Curved 1468 New","Professional Spring Scissors, Curved 1468 New",14.13,
Probes Stainless Steel Rounded 1222 New,Probes Stainless Steel Rounded 1222 New,5.74,
Corner File Straight & Curved Stainless Steel 1289 New,Corner File Straight & Curved Stainless Steel 1289 New,5.74,
"Professional Cuticle Pusher- Double Action, Rounded 2042 New","Professional Cuticle Pusher- Double Action, Rounded 2042 New",5.74,
Professional Cuticle Pusher- Double Action 2044 New,Professional Cuticle Pusher- Double Action 2044 New,5.74,
Splinter tweezer – 13 cm 1386 New,Splinter tweezer – 13 cm 1386 New,5.10,
Pododisc + 5 Replacement Stickers S-15 mm New,Pododisc + 5 Replacement Stickers S-15 mm New,6.38,
Pododisc + 5 Replacement Stickers M-20 mm New,Pododisc + 5 Replacement Stickers M-20 mm New,7.67,
Pododisc+5 Replacement Stickers L-25 mm New,Pododisc+5 Replacement Stickers L-25 mm New,8.96,
Replacement Stickers Pododisc  S-15 mm GRIT 100 New,Replacement Stickers Pododisc  S-15 mm GRIT 100 New,6.18,
Replacement Stickers Pododisc  S-15 mm GRIT 180 New,Replacement Stickers Pododisc  S-15 mm GRIT 180 New,6.18,
Replacement Stickers Pododisc S-15 mm GRIT 240 New,Replacement Stickers Pododisc S-15 mm GRIT 240 New,6.18,
Replacement Stickers Pododisc M-20 mm GRIT 100 New,Replacement Stickers Pododisc M-20 mm GRIT 100 New,7.99,
Replacement Stickers Pododisc  M-20 mm GRIT 180 New,Replacement Stickers Pododisc  M-20 mm GRIT 180 New,7.99,
Replacement Stickers Pododisc M-20 mm GRIT 240 New,Replacement Stickers Pododisc M-20 mm GRIT 240 New,7.99,
Replacement Stickers Pododisc  L-25 mm GRIT 100 New,Replacement Stickers Pododisc  L-25 mm GRIT 100 New,10.00,
Replacement Stickers Pododisc L-25 mm GRIT 180 New,Replacement Stickers Pododisc L-25 mm GRIT 180 New,10.00,
Replacement Stickers Pododisc L-25 mm GRIT 240 New,Replacement Stickers Pododisc L-25 mm GRIT 240 New,10.00,
Wireless Nail Dust Collector New,Wireless Nail Dust Collector New,167.98,
White Nail Lamp New,White Nail Lamp New,10.40,
AirBrush Machine New,AirBrush Machine New,58.24,