codes,target
FBCLR|GIUP FBCLR|GIUP-FBCLR,Flexi Base Clear -HTF
CLASSIC BASE COAT IMAGE|CLASSIC BASE COAT|CLASSICBC|Base Coat 15ml,Base Coat 15ml -HTF
GIUP SBCCLR|GIUP-SBCCLR,5-in-1 Superior Base 15ml Clear -HTF
GIUP SBCMP|GIUP-SBCMP,5-in-1 Superior Base 15ml Milky Pink -HTF
GIUP SBCPP|GIUP-SBCPP,5-in-1 Superior Base 15ml Pretty Pink -HTF
GIUP SBCBP|GIUP-SBCBP,5-in-1 Superior Base 15ml Baby Pink -HTF
GIUP SBCCP|GIUP-SBCCP,5-in-1 Superior Base 15ml Candy Pink -HTF
GIUP SBCSP|GIUP-SBCSP,5-in-1 Superior Base 15ml Sweet Pink -HTF
GIUP SBCGLPI|GIUP-SBCGLPI,5-IN-1 Superior Base 15ml Glittery Pink -HTF
GIUP SBCGP|GIUP-SBCGP,5-in-1 Superior Base 15ml Glittery Peach -HTF
GIUP SBCIRPI|GIUP-SBCIRPI,5-IN-1 Superior Base 15ml Irridecent Pink -HTF
GIUP SBCIMF|GIUP-SBCIMF,5-in-1 Superior Base 15ml Iridescent Milky Flakes -HTF
GIUP SBCCLI|GIUP-SBCCLI,5-in-1 Superior Base 15ml Lilac -HTF
GIUP SBCMW|GIUP-SBCMW,5-in-1 Superior Base 15ml Milky White -HTF
GIUP SBCN|GIUP-SBCN,5-in-1 Superior Base 15ml Nude -HTF
GIUP SBCSN|GIUP-SBCSN,5-IN-1 Superior Base 15ml Soft Nude -HTF
GIUP-SBPURS|GIUP SBPURS,5-in-1 Superior Base 15ml Purple Serenity -HTF
GIUP-SBLS|GIUP SBLS,5-in-1 Superior Base 15ml Lemon Serenity -HTF
GIUP-SBMS|GIUP SBMS,5-in-1 Superior Base 15ml Mint Serenity -HTF
GIUP-SBBlue|GIUP SBBlue,5-in-1 Superior Base 15ml Blue Serenity -HTF
GIUP-SBPS|GIUP SBPS,5-in-1 Superior Base 15ml Peach Serenity -HTF
NWMT15,Non Wipe Top Coat Milky 15ml -HTF
NWPT15|NWPT15-1|NWPT15 1,Non Wipe Top Coat Perfect Shape 15ml -HTF
GIUPSB|GIUP SB|GIUP-SB,Superbond Nail Dehydrator 11ml - Acid Free -HTF
GIUP-SB-NO-ACID|GIUP SB NO ACID|SB NO ACID,Superbond Nail Dehydrator 11ml - Acid Free -HTF
GIUP-SB-WITH-ACID|GIUP SB WITH ACID|SB WITH ACID,Superbond Nail Dehydrator 11ml - with Acid -HTF
ALMOND|DUAL FORMS ALMOND,DUAL FORMS ALMOND
BALLERINA|DUAL FORMS BALLERINA,DUAL FORMS BALLERINA
LONG ALMOND|DUAL FORMS LONG ALMOND,DUAL FORMS LONG ALMOND
MODERNS SQUARE|MODERN SQUARE|DUAL FORMS MODERN SQUARE|DUAL FORMS MODERNS SQUARE,DUAL FORMS MODERN SQUARE
RUSSIAN ALMOND|DUAL FORMS RUSSIAN ALMOND,DUAL FORMS RUSSIAN ALMOND
SQUARE|DUAL FORMS SQUARE,DUAL FORMS SQUARE
SQUOVAL|DUAL FORMS SQUOVAL,DUAL FORMS SQUOVAL
STANDARD|DUAL FORMS STANDARD,Standard Dual Reverse Tips 120 s
DUAL MIX|DUAL MIX 2|DUAL MIX 3|dual mix|dual mix 2|dual mix 3,DUAL FORMS MIX COLOR AND SHAPE
SQUARE XL|DUAL FORM SQUARE XL,DUAL FORMS SQUARE
SOAK OFF GEL TIPS LONG ALMOND|G.T.LONG ALMOND|GT LONG ALMOND,SOAK OFF GEL TIPS LONG ALMOND
SOAK OFF GEL TIPS LONG COFFIN|G.T.LONG COFFIN|GT LONG COFFIN,SOAK OFF GEL TIPS LONG COFFIN
SOAK OFF GEL TIPS MEDIUM SQUARE|G.T.MEDIUM SQUARE|GT MEDIUM SQUARE,SOAK OFF GEL TIPS MEDIUM SQUARE
SOAK OFF GEL TIPS SHORT ALMOND|G.T.SHORT ALMOND|GT SHORT ALMOND|SHORT ALMOND,SOAK OFF GEL TIPS SHORT ALMOND
GIUP SS01Kaleidascope|GIUP-SS01Kaleidascope|GIUP-SS01KALEIDASCOPE|SS01,SS01 SPIX and SPEX Kaleidascope -HTF
GIUP SS02Delphinium|GIUP-SS02Delphinium|GIUP-SS02DELPHINIUM|SS02,SS02 SPIX and SPEX Delphinium -HTF
GIUP SS03Giddy Grape|GIUP-SS03Giddy Grape|GIUP-SS03GIDDY-GRAPE|SS03,SS03 SPIX and SPEX Giddy Grape -HTF
GIUP SS04Popping Candy|GIUP-SS04Popping Candy|GIUP-SS04POPPING-CANDY|SS04,SS04 SPIX and SPEX Popping Candy -HTF
GIUP SS05Lemon Sorbet|GIUP-SS05Lemon Sorbet|GIUP-SS05LEMON-SORBET|SS05,SS05 SPIX and SPEX Lemon Sorbet -HTF
GIUP SS06Tusk Tusk|GIUP-SS06Tusk Tusk|GIUP-SS06TUSK-TUSK|SS06,SS06 SPIX and SPEX Tusk Tusk -HTF
FLEXI LONG ALMOND|FLEXI-LONG-ALMOND|Flexi Long Almond|flexi long almond|Super Flexi Long Almond|SUPER FLEXI LONG ALMOND|GIUP FLEXI LONG ALMOND,FLEXI Soak Off Nail Tips Long Almond -2025
FLEXI SHORT ALMOND|FLEXI-SHORT-ALMOND|Flexi Short Almond|flexi short almond|Super Flexi Short Almond|SUPER FLEXI SHORT ALMOND|GIUP FLEXI SHORT ALMOND,FLEXI Soak Off Nail Tips Short Almond -2025
FLEXI SHORT SQUARE|FLEXI-SHORT-SQUARE|Flexi Short Square|flexi short square|Super Flexi Short Square|SUPER FLEXI SHORT SQUARE|GIUP FLEXI SHORT SQUARE,FLEXI Soak Off Nail Tips Medium Square -2025
1280x1280_nail_bufer_100|1280x1280 nail bufer 100|Nail Files With Back Glue 100 Packet of 10,Nail Files With Back Glue 100 Packet of 10
1280x1280_nail_bufer_120|1280x1280 nail bufer 120|Nail Files With Back Glue 120 Packet of 10,Nail Files With Back Glue 120 Packet of 10
1280x1280_nail_bufer_180|1280x1280 nail bufer 180|Nail Files With Back Glue 180 Packet of 10,Nail Files With Back Glue 180 Packet of 10
1280x1280_nail_bufer_metallic|1280x1280 nail bufer metallic|Boat Shape metallic Nail Base|Boat-Shape-metallic-Nail-Base,GIUP Boat Shape metallic Nail File
1280x1280_buffer_100_120|1280x1280 buffer 100 120|100_120_file2|100 120 file2|Nail Files Buffer 100 180 Purple Sponge|Nail Files Buffer 100-180 Purple Sponge,GIUP Boat Shape Nail File 100/120 Purple Sponge
1280x1280_buffer_180_180|1280x1280 buffer 180 180|180_180_file2|180 180 file2|Nail Files Buffer 180 180 Pink Sponge|Nail Files Buffer 180-180 Pink Sponge,Nail Files 180/180 Pink Sponge
?uffing_block|?uffing block|buffing block|BUFFING BLOCK|Βuffing block|Βuffing_block,Nail Files 100/100
nail file 100 1001|nail-file 100-1001,Nail Files 100/100
nail_forms_5|nail forms 5|NAIL FORMS 5|NAIL FORMS,GEL.IT.UP by GIUP® Nail Forms
MIRROR CLEAR|MIRRORCLEAR|SP 8001|SP8001,SP8001 Mirror Clear Powder
MIRROR X1|TR 1|TR1,TR01 Mirror X1 Powder
MIRROR X2|TR 2|TR2,TR02 Mirror X2 Powder
MIRROR X3|TR 3|TR3,TR03 Mirror X3 Powder
MIRROR X4|TR 4|TR4,TR04 Mirror X4 Powder
MIRROR X5|TR 5|TR5,TR05 Mirror X5 Powder
MIRROR X6|TR 6|TR6,TR06 Mirror X6 Powder
3 IN 1 CLEAR|3IN1CLEAR,3-in-1 Builder Gel Clear 40g -HTF
3IN1COVER,3-in-1 Builder Gel Cover 40g -HTF
3IN1PINK,3-in-1 Builder Gel Pink 40g -HTF
3 IN 1 SHIMMER COVER,3-in-1 Shimmery Builder Gel 40g Cover -HTF
3 IN 1 SHIMMER IRIDESCENT CLEAR,3-in-1 Shimmery Builder Gel 40g Clear Iridescent -HTF
3 IN 1 SHIMMER LIGHT LILAC,3-in-1 Shimmery Builder Gel 40g Light Lilac -HTF
3 IN 1 MARMALADE SHIMMER PINK,3-in-1 Shimmery Builder Gel 40g Pink Marmalade -HTF
3 IN 1 PREMIUM CLEAR|3IN 1 PREMIUM CLEAR,Premium Builder Gel Clear 40gr -HTF
3IN 1 PREMIUM BUILDER GEL COVER|3 IN 1 PREMIUM BUILDER GEL COVER,Premium Builder Gel Cover 40gr -HTF
3 IN 1 PREMIUM BUILDER GEL BLUSH,Premium Builder Gel Blush 40gr -HTF
3 IN 1 PREMIUM BUILDER GEL MILKY,Premium Builder Gel Milky 40gr -HTF
3 IN 1 PREMIUM BUILDER GEL NUDE,Premium Builder Gel Nude 40gr -HTF
3 IN 1 PREMIUM BUILDER GEL PEARLY NUDE,Premium Builder Gel Pearly Nude 40gr -HTF
3 IN 1 PREMIUM BUILDER GEL PEARLY PINK,Premium Builder Gel Pearly Pink 40gr -HTF
3 IN 1 PREMIUM BUILDER GELS PINK,Premium Builder Gel Pink 40gr -HTF
3 IN 1 PREMIUM BUILDER GELS WHITE,Premium Builder Gel White 40gr -HTF
3 IN 1 PREMIUM PLUS|3 IN 1.PREMIUM.PLUS,Premium Plus Fiber Glass Builder Gel 40gr -HTF
GIUP BOBCLR|GIUP-BOBCLR,Brush on Builder Gel Clear 15ml -HTF
GIUP BOBCOV|GIUP-BOBCOV,Brush on Builder Gel Cover 15ml -HTF
GIUP BOBPNK|GIUP-BOBPNK,Brush on Builder Gel Pink 15ml -HTF
GIUP BOBCRM|GIUP-BOBCRM,Brush on Builder Gel Creamy 15ml -HTF
GIUP BOBNUD|GIUP-BOBNUD,Brush on Builder Gel Nude 15ml -HTF
GIUP BOBPRL|GIUP-BOBPRL,Brush on Builder Gel Purple 15ml -HTF
GIUP BOBDS|GIUP-BOBDS,Brush on Builder Gel Dusty Shimmer 15ml -HTF
GIUP BOBMILK|GIUP-BOBMILK,Brush on Builder Gel Milky 15ml -HTF
GIUP BOBLIL|GIUP-BOBLIL,Brush on Builder Gel Lilac 15ml -HTF
GIUP BOBBLPN|GIUP-BOBBLPN,Brush on Builder Gel Blush Pink 15ml -HTF
GIUP BOBSTPN|GIUP-BOBSTPN,Brush on Builder Gel Soft Pink 15ml -HTF
GIUP BOBGLPN|GIUP-BOBGLPN,Brush on Builder Gel Glittery Pink 15ml -HTF
GIUP BOBGLMG|GIUP-BOBGLMG,Brush on Builder Gel Magenta Glitter 15ml -HTF
GIUP BOBPURGL|GIUP-BOBPURGL,Brush on Builder Gel Milky Glitter 15ml -HTF
GIUP BOBGLROS|GIUP-BOBGLROS,Brush on Builder Gel Rose Glitter 15ml -HTF
GIUP BOBGLSLM|GIUP-BOBGLSLM,Brush on Builder Gel Salmon Glitter 15ml -HTF
GIUP-BOB-blush-sorbet,Brush on Builder Gel Blush Sorbet 15ml -HTF
GIUP-BOB-sky-sprinkle,Brush on Builder Gel Sky Sprinkle 15ml -HTF
GIUP-BOB-Berry-stardust|GIUP-BOB-berry-stardust,Brush on Builder Gel Berry Stardust 15ml -HTF
MULTIMIX BABY BLUE COLOR,MultiMix Synthogel 30gr Baby Blue -HTF
MULTIMIX BABY PINK GLITTER COLOR,MultiMix Synthogel 30gr Baby Pink Glitter -HTF
MULTIMIX BLUE GLITTER COLOR,MultiMix Synthogel 30g Blue Glitter -HTF
MULTIMIX BUBBLE GUM GLITTER COLOR,MultiMix Synthogel 30gr Bubble Gum Glitter -HTF
MULTIMIX GLITSY GREEN COLOR,MultiMix Synthogel 30gr Glitsy Green -HTF
MULTIMIX LIGHT NUDE COLOR|MMLNC,Multimix Synthogel 30g Light Nude -HTF
MULTIMIX MINT GREEN COLOR,MultiMix Synthogel 30gr Minty Green -HTF
MULTIMIX PINKIII COLOR,MultiMix Synthogel 30gr Pink III -HTF
MULTIMIX SUPER SOFT PINK COLOR|MMSSPC,MultiMix Synthogel 30gr Super Soft Pink -HTF
MULTIMIX CLEAR COLOR 30|POLYGELCLR|POLYGEL CLR|CLEAR POLYGEL,MultiMix Synthogel 30gr Clear -HTF
MULTIMIX BLACK COLOR,MultiMix Synthogel 60gr Black -HTF
MULTIMIX CLEAR COLOR,MultiMix Synthogel 60gr Clear -HTF
MULTIMIX COVER COLOR,MultiMix Synthogel 60gr Cover -HTF
MULTIMIX COVER II COLOR,MultiMix Synthogel 60gr Cover II -HTF
MULTIMIX CRYSTAL CLEAR COLOR,MultiMix Synthogel 60gr Crystal Clear -HTF
MULTIMIX GLITTERPINK COLOR,MultiMix Synthogel 60gr Glitter Pink -HTF
MULTIMIX GLITTERS CLEAR,MultiMix Synthogel 60gr Clear Glitter -HTF
MULTIMIX GLITTERS GOLD,MultiMix Synthogel 60gr Glitter Gold -HTF
MULTIMIX GLITTERS NUDE,MultiMix Synthogel 60gr Glitter Nude -HTF
MULTIMIX GLITTERS PINK,MultiMix Synthogel 60gr Glitter Pink -HTF
MULTIMIX GLITTERS WHITE,MultiMix Synthogel 60gr Glitter White -HTF
MULTIMIX LIGHT PINK COLOR,MultiMix Synthogel 60gr Light Pink -HTF
MULTIMIX LILAC COLOR,MultiMix Synthogel 60gr Light Lilac -HTF
MULTIMIX MILKY WHITE COLOR,MultiMix Synthogel 60gr Milky White -HTF
MULTIMIX NUDE COLOR,MultiMix Synthogel 60gr Nude -HTF
MULTIMIX PINK COLOR,MultiMix Synthogel 60gr Pink -HTF
MULTIMIX PINK II COLOR,MultiMix Synthogel 60gr Pink II -HTF
MULTIMIX SUPER MILKY COLOR,MultiMix Synthogel 60gr Super Milky -HTF
MULTIMIX WHITE COLOR,MultiMix Synthogel 60gr White -HTF
CLEANSER,Cleanser 200 ml -HTF
SANITIZER,Sanitizer 200ml -HTF
CUTICLE OIL PEACH|WHITE SATIN CUTICLE OIL PEACH|WSCOILP,Perky Peach Cuticle Oil 100ml -HTF
CUTICLE OIL MELON|WHITE SATIN CUTICLE OIL MELON|WSCOILM,Chilled Melon Cuticle Oil 100ml -HTF
CUTICLE OIL COCONUT|WHITE SATIN CUTICLE OIL COCONUT OIL|WSCOILC,Cooling Coconut Cuticle Oil 100ml -HTF
PHOTO PERFECT CUTICLE OIL,PhotoPerfect Cuticle Oil New
FOOT CREAM 100 CALMFROST,GEL IT UP FOOT CREAM 100ml CALM FROST NEW
FOOT CREAM 100 SASSYSASSY,GEL IT UP FOOT CREAM 100ml SASSY SASSY NEW
FOOT CREAM 100 SILKYBLISS,GEL IT UP FOOT CREAM 100ml SILKY BLISS NEW
FOOT CREAM 1000 CALMFROST,GEL IT UP FOOT CREAM 1000ml CALM FROST NEW
FOOT CREAM 1000 SASSYSASSY,GEL IT UP FOOT CREAM 1000ml SASSY SASSY NEW
FOOT CREAM 1000 SILKYBLISS,GEL IT UP FOOT CREAM 1000ml SILKY BLISS NEW
HANDANDBODY CREAM 100 CALMFROST,GEL IT UP HAND AND BODY CREAM 100ml CALM FROST NEW
HANDANDBODY CREAM 100 SASSYSASSY,GEL IT UP HAND AND BODY CREAM 100ml SASSY SASSY NEW
HANDANDBODY CREAM 100 SILKYBLISS,GEL IT UP HAND AND BODY CREAM 100ml SILKY BLISS NEW
HANDANDBODY CREAM 1000 CALMFROST,GEL IT UP HAND AND BODY CREAM 1000ml CALM FROST NEW
HANDANDBODY CREAM 1000 SASSYSASSY,GEL IT UP HAND AND BODY CREAM 1000ml SASSY SASSY NEW
HANDANDBODY CREAM 1000 SILKYBLISS,GEL IT UP HAND AND BODY CREAM 1000ml SILKY BLISS NEW
SCRUB 200 CALMFROST,GEL IT UP SCRUB 200ml CALM FROST NEW
SCRUB 200 SASSYSASSY,GEL IT UP SCRUB 200ml SASSY SASSY NEW
SCRUB 200 SILKYBLISS,GEL IT UP SCRUB 200ml SILKY BLISS NEW
SCRUB 750 CALMFROST,GEL IT UP SCRUB 750ml CALM FROST NEW
SCRUB 750 SASSYSASSY,GEL IT UP SCRUB 750ml SASSY SASSY NEW
SCRUB 750 SILKYBLISS,GEL IT UP SCRUB 750ml SILKY BLISS NEW
LINE IT UP 0001 YELLOW|LINE IT UP  0001 YELLOW,LINE IT UP YELLOW -HTF
LINE IT UP 0002 WHITE|LINE IT UP  0002 WHITE,LINE IT UP WHITE -HTF
LINE IT UP 0003 SKY|LINE IT UP  0003 SKY,LINE IT UP SKY -HTF
LINE IT UP 0004 SILVER|LINE IT UP  0004 SILVER,LINE IT UP SILVER -HTF
LINE IT UP 0005 ROSE|LINE IT UP  0005 ROSE,LINE IT UP ROSE -HTF
LINE IT UP 0006 RED|LINE IT UP  0006 RED,LINE IT UP RED -HTF
LINE IT UP 0007 PYRITE|LINE IT UP  0007 PYRITE,LINE IT UP PYRITE -HTF
LINE IT UP 0008 PISTACHIO|LINE IT UP  0008 PISTACHIO,LINE IT UP PISTACHIO -HTF
LINE IT UP 0009 PINK|LINE IT UP  0009 PINK,LINE IT UP PINK -HTF
LINE IT UP 0010 ORANGE|LINE IT UP  0010 ORANGE,LINE IT UP ORANGE -HTF
LINE IT UP 0011 MINT|LINE IT UP  0011 MINT,LINE IT UP MINT -HTF
LINE IT UP 0012 MAGENTA|LINE IT UP  0012 MAGENTA,LINE IT UP MAGENTA -HTF
LINE IT UP 0013 LILAC|LINE IT UP  0013 LILAC,LINE IT UP LILAC -HTF
LINE IT UP 0014 LAVENDER|LINE IT UP  0014 LAVENDER,LINE IT UP LAVENDER -HTF
LINE IT UP 0015 GREEN|LINE IT UP  0015 GREEN,LINE IT UP GREEN -HTF
LINE IT UP 0016 GOLD|LINE IT UP  0016 GOLD,LINE IT UP GOLD -HTF
LINE IT UP 0017 BLACK|LINE IT UP  0017 BLACK,LINE IT UP BLACK -HTF
LINE IT UP 0018 APRICOT|LINE IT UP  0018 APRICOT,LINE IT UP APRICOT -HTF
MARBLE 1,Marble-It by GIUP #01
MARBLE 2,Marble-It by GIUP #02
MARBLE 3,Marble-It by GIUP #03
MARBLE 4,Marble-It by GIUP #04
MARBLE 5,Marble-It by GIUP #05
MARBLE 6,Marble-It by GIUP #06
MARBLE 7,Marble-It by GIUP #07
MARBLE 8,Marble-It by GIUP #08
MARBLE 9,Marble-It by GIUP #09
MARBLE 10,Marble-It by GIUP #10
MARBLE 11,Marble-It by GIUP #11
MARBLE 12,Marble-It by GIUP #12
MARBLE 13,Marble-It by GIUP #13
MARBLE 14,Marble-It by GIUP #14
MARBLE 15,Marble-It by GIUP #15
MARBLE 16,Marble-It by GIUP #16
MARBLE 17,Marble-It by GIUP #17
MARBLE 18,Marble-It by GIUP #18
SUGARY GLITTER 01,Sugary Glitter pigment 3gr 01 -HTF
SUGARY GLITTER 02,Sugary Glitter pigment 3gr 02 -HTF
SUGARY GLITTER 03,Sugary Glitter pigment 3gr 03 -HTF
SUGARY GLITTER 04,Sugary Glitter pigment 3gr 04 -HTF
SUGARY GLITTER 05,Sugary Glitter pigment 3gr 05 -HTF
SUGARY GLITTER 06,Sugary Glitter pigment 3gr 06 -HTF
SUGARY GLITTER 07,Sugary Glitter pigment 3gr 07 -HTF
GIUP CT 01|GIUP-CT-01,Velvet Cat Eye #VCE01 -HTF
GIUP CT 02|GIUP-CT-02,Velvet Cat Eye #VCE02 -HTF
GIUP CT 03|GIUP-CT-03,Velvet Cat Eye #VCE03 -HTF
GIUP CT 04|GIUP-CT-04,Velvet Cat Eye #VCE04 -HTF
GIUP CT 05|GIUP-CT-05,Velvet Cat Eye #VCE05 -HTF
GIUP CT 06|GIUP-CT-06,Velvet Cat Eye #VCE06 -HTF
GIUP CT 07|GIUP-CT-07,Velvet Cat Eye #VCE07 -HTF
GIUP CT 08|GIUP-CT-08,Velvet Cat Eye #VCE08 -HTF
GIUP CT 09|GIUP-CT-09,Velvet Cat Eye #VCE09 -HTF
GIUP CT 10|GIUP-CT-10,Velvet Cat Eye #VCE10 -HTF
GIUP-.BLOSSOM|GIUP.Blossom|GIUP .BLOSSOM|BLOSSOM,Blossom Flower Power 15ml -HTF
cobweb black|COBWEB BLACK|cobweb gel black|COBWEB GEL BLACK,Cobweb Gel Black -HTF
cobweb white|COBWEB WHITE|cobweb gel white|COBWEB GEL WHITE,Cobweb Gel White -HTF
cushion gel black|CUSHION GEL BLACK|cushion pro gel black|CUSHION PRO GEL BLACK,Cushion Pro Gel Black -HTF
cushion gel white|CUSHION GEL WHITE|cushion pro gel white|CUSHION PRO GEL WHITE,Cushion Pro Gel White -HTF
water colors|water_colors|WATER COLORS|WATER_COLORS,Watercolors Aquarelle Pallete
aquarelle brush|aquarelle_brush|AQUARELLE BRUSH|AQUARELLE_BRUSH,Aquarela Brush Rose Gold
french curved brush|french_curved_brush|FRENCH CURVED BRUSH|FRENCH_CURVED_BRUSH,French Nail Brush Rose Gold
ACRYLIC BRUSH NO10|acrylic brush no10,#10 Acrylic Application Brush Rose Gold
ACRYLIC BRUSH NO12|acrylic brush no12,#12 Acrylic Brush Rose Gold
GEL BRUSH NO6|gel brush no6,#6 Gel Brush Rose Gold
GEL BRUSH NO8|gel brush no8,#8 Gel Brush Rose Gold
polygel|POLYGEL,Polygel Brush and Spatula Rose Gold
polygel 2|POLYGEL 2,Polygel 2 Brush and Spatula Rose Gold
synthogel brush|synthogel_brush|SYNTHOGEL BRUSH|SYNTHOGEL_BRUSH,Polygel Brush and Spatula Rose Gold
DUST COLLECTOR|DUST COLLECTOR 2,Wireless Nail Dust Collector New
PORTABLE LAMP,White Nail Lamp New
airbrush 1|airbrush_1|AIRBRUSH 1,AirBrush Machine New
stamp lamp|STAMP LAMP,Stamp Lamp
new logo acrylic liquid classic 500ml|new_logo_acrylic_liquid_classic_500ml|NEW LOGO ACRYLIC LIQUID CLASSIC 500ML,Acrylic Classic Liquid 500ml -HTF
new logo acrylic liquid compete 500ml 1|new_logo_acrylic_liquid_compete_500ml-1|NEW LOGO ACRYLIC LIQUID COMPETE 500ML 1,Acrylic Compete Liquid 500ml -HTF
clear|CLEAR,Acrylic Compete Powder Clear 35g -HTF
PODODISC|PODODISC ?|PODODISC_?,Pododisc + 5 Replacement Stickers M-20 mm New
PROBES,Probes Stainless Steel Rounded 1222 New
TWEEZER|TWEEZER B|TWEEZER_B,Splinter tweezer — 13 cm 1386 New
"01. HEAD CUTTER, PLAIN HANDLE, HALF BLADE|01. HEAD CUTTER, PLAIN HANDLE, HALF BLADE B|01. HEAD CUTTER, PLAIN HANDLE, HALF BLADE_B",Professional Head Cutter Nipper Half Blade L 11.5cm 1006 New
"02. CORNER NIPPER, EXTRA SLIM (Flame Shaped)",Corner Nippers Flame Shaped L 10cm 1115 New
"03. CORNER NIPPER, DESIGN HANDLE",Corner Nippers Straight Cutter Design Handle  L 11cm 1119 New
"01. CUTICLE PUSHER, DOUBLE ACTION, ROUNDED|01 CUTICLE PUSHER DOUBLE ACTION ROUNDED","Professional Cuticle Pusher- Double Action, Rounded 2042 New"
"02. CUTICLE PUSHER, DOUBLE ACTION|02 CUTICLE PUSHER DOUBLE ACTION",Professional Cuticle Pusher- Double Action 2044 New
"01. CUTICLE SCISSOR, CURVED 10,5 19|01. CUTICLE SCISSOR, CURVED 10,5 19 B|01. CUTICLE SCISSOR, CURVED 10,5-19|01. CUTICLE SCISSOR, CURVED 10,5-19_B|01 CUTICLE SCISSOR CURVED 10 5 19","Professional Cuticle Scissors, Curved 1466 New"
"03. CUTICLE SCISSOR, CURVED 10 18|03. CUTICLE SCISSOR, CURVED 10 18 B|03. CUTICLE SCISSOR, CURVED 10-18|03. CUTICLE SCISSOR, CURVED 10-18_B|03 CUTICLE SCISSOR CURVED 10 18","Professional Cuticle Scissors, Curved 1463 New"
"04. CUTICLE SPRING SCISSOR, CURVED|04. CUTICLE SPRING SCISSOR, CURVED B|04. CUTICLE SPRING SCISSOR, CURVED_B|04 CUTICLE SPRING SCISSOR CURVED","Professional Spring Scissors, Curved 1468 New"
"04. CUTICLE NIPPER, OVAL FINE CUT|04. CUTICLE NIPPER, OVAL FINE CUT B|04. CUTICLE NIPPER, OVAL FINE CUT_B|04 CUTICLE NIPPER OVAL FINE CUT","Professional Premium Cuticle Nipper, Oval Fine Cut – 5mm 2119 New"
"05. CUTICLE NIPPER, OVAL ROUND FINE CUT|05. CUTICLE NIPPER, OVAL ROUND FINE CUT B|05. CUTICLE NIPPER, OVAL ROUND FINE CUT_B|05 CUTICLE NIPPER OVAL ROUND FINE CUT","Professional Premium Cuticle Nipper, Oval Round Fine Cut – 5mm 2120 New"
"06. CUTICLE NIPPER, FINE CUT|06. CUTICLE NIPPER, FINE CUT B|06. CUTICLE NIPPER, FINE CUT_B|06 CUTICLE NIPPER FINE CUT","Professional Premium Cuticle Nipper, Fine Cut – 5mm 2117 New"
COMER,Corner File Straight & Curved Stainless Steel 1289 New
cuticle remover 5ml|CUTICLE REMOVER 5ML,Almond Cuticle Scrub Remover 5ml -HTF
white satin cuticle scrub remover|WHITE SATIN CUTICLE SCRUB REMOVER,Almond Cuticle Scrub Remover 100ml -HTF
GIUP FFF|GIUP-FFF|GIUP 01 FFF|GIUP-01-FFF,FFF White Years Ahead -HTF
5D NAIL STICKERS BLACK,SD-1934 Nail Decals French - Black
5D NAIL STICKERS WHITE,SD-1933 Nail Decals French - White
GIUP MT1|GIUP-MT1,MT01 Spot my top -HTF
GIUP MT2|GIUP-MT2|GIUP MT2 1|GIUP-MT2-1|GIUP MT2 1 1|GIUP-MT2-1-1|GIUP MT2 1 1 1|GIUP-MT2-1-1-1,MT02 Spot my top -HTF
GIUP MT6|GIUP-MT6,MT06 Spot my top -HTF
GIUP NW1|GIUP-NW1,NW01 Spot my top -HTF
GIUP NW2|GIUP-NW2,NW02 Sopt my top -HTF
GIUP NW3|GIUP-NW3,NW03 Spot my top -HTF
GIUP NWT|GIUP-NWT,Non Wipe Top Coat 15ml -HTF
GIUP SATMAT|GIUP-SATMAT,Satin Matt RS Top 15 ml -HTF
GIUP WOTC|GIUP-WOTC,Wipe Off Top Coat 15 ml
STF01|STF 01,Shimmer Top Fairy #STF 01 -HTF
STF02|STF 02,Shimmer Top Fairy #STF 02 -HTF
STF03|STF 03,Shimmer Top Fairy #STF 03 -HTF
STF04|STF 04,Shimmer Top Fairy #STF 04 -HTF
STF05|STF 05,Shimmer Top Fairy #STF 05 -HTF
GIUP DT01Dandelion|GIUP-DT01Dandelion|GIUP-DT01DANDELION|DT01,DT01 Dandelion Diamond Top 11ml -HTF
GIUP DT02Diamond Dust|GIUP-DT02Diamond Dust|GIUP-DT02DIAMOND-DUST|DT02,DT02 Diamond Dust Diamond Top 11ml -HTF
GIUP DT03Sugar Socks|GIUP-DT03Sugar Socks|GIUP-DT03SUGAR-SOCKS|DT03,DT03 Sugar Socks Diamond Top 11ml -HTF
GIUP DT04Chipper|GIUP-DT04Chipper|GIUP-DT04CHIPPER|DT04,DT04 Chipper Diamond Top 11ml -HTF
FAN12|GIUP FAN12|GIUP-FAN12,Super Fan Top Coat 11ml FAN12 -HTF
LPG1|LPG 1,Liquid Polygel #LPG1 -HTF
LPG2|LPG 2,Liquid Polygel #LPG2 -HTF
LPG3|LPG 3,Liquid Polygel #LPG3 -HTF
LPG4|LPG 4,Liquid Polygel #LPG4 -HTF
LPG5|LPG 5,Liquid Polygel #LPG5 -HTF
LPG6|LPG 6,Liquid Polygel #LPG6 -HTF
LPG7|LPG 7,Liquid Polygel #LPG7 -HTF
LPG8|LPG 8,Liquid Polygel #LPG8 -HTF
GIUP BTO01|GIUP-BTO01|BTO01|BTO 01,By The Ocean BTO01 -HTF
GIUP BTO02|GIUP-BTO02|BTO02|BTO 02,By The Ocean BTO02 -HTF
GIUP BTO03|GIUP-BTO03|BTO03|BTO 03,By The Ocean BTO03 -HTF
GIUP BTO04|GIUP-BTO04|BTO04|BTO 04,By The Ocean BTO04 -HTF
GIUP BTO05|GIUP-BTO05|BTO05|BTO 05,By The Ocean BTO05 -HTF
GIUP BTO06|GIUP-BTO06|BTO06|BTO 06,By The Ocean BTO06 -HTF
GIUP BTO07|GIUP-BTO07|BTO07|BTO 07,By The Ocean BTO07 -HTF
GIUP VCE01|GIUP VCE 01|GIUP-VCE01|GIUP-VCE-01|VCE01|VCE 01|VCE1|VCE 1,Velvet Cat Eye #VCE01 -HTF
GIUP VCE02|GIUP VCE 02|GIUP-VCE02|GIUP-VCE-02|VCE02|VCE 02|VCE2|VCE 2,Velvet Cat Eye #VCE02 -HTF
GIUP VCE03|GIUP VCE 03|GIUP-VCE03|GIUP-VCE-03|VCE03|VCE 03|VCE3|VCE 3,Velvet Cat Eye #VCE03 -HTF
GIUP VCE04|GIUP VCE 04|GIUP-VCE04|GIUP-VCE-04|VCE04|VCE 04|VCE4|VCE 4,Velvet Cat Eye #VCE04 -HTF
GIUP VCE05|GIUP VCE 05|GIUP-VCE05|GIUP-VCE-05|VCE05|VCE 05|VCE5|VCE 5,Velvet Cat Eye #VCE05 -HTF
GIUP VCE06|GIUP VCE 06|GIUP-VCE06|GIUP-VCE-06|VCE06|VCE 06|VCE6|VCE 6,Velvet Cat Eye #VCE06 -HTF
GIUP VCE07|GIUP VCE 07|GIUP-VCE07|GIUP-VCE-07|VCE07|VCE 07|VCE7|VCE 7,Velvet Cat Eye #VCE07 -HTF
GIUP VCE08|GIUP VCE 08|GIUP-VCE08|GIUP-VCE-08|VCE08|VCE 08|VCE8|VCE 8,Velvet Cat Eye #VCE08 -HTF
GIUP VCE09|GIUP VCE 09|GIUP-VCE09|GIUP-VCE-09|VCE09|VCE 09|VCE9|VCE 9,Velvet Cat Eye #VCE09 -HTF
GIUP VCE10|GIUP VCE 10|GIUP-VCE10|GIUP-VCE-10|VCE10|VCE 10,Velvet Cat Eye #VCE10 -HTF
DCE1|DCE 1|GIUP DCE1|GIUP-DCE1,Dreamy Cat Eye #DCE1 -HTF
DCE2|DCE 2|GIUP DCE2|GIUP-DCE2,Dreamy Cat Eye #DCE2 -HTF
DCE3|DCE 3|GIUP DCE3|GIUP-DCE3,Dreamy Cat Eye #DCE3 -HTF
DCE4|DCE 4|GIUP DCE4|GIUP-DCE4,Dreamy Cat Eye #DCE4 -HTF
RQCE1|RQCE 1|GIUP RQCE1|GIUP-RQCE1,Rose Quartz Cat Eye #RQCE1 -HTF
RQCE2|RQCE 2|GIUP RQCE2|GIUP-RQCE2,Rose Quartz Cat Eye #RQCE2 -HTF
RQCE3|RQCE 3|GIUP RQCE3|GIUP-RQCE3,Rose Quartz Cat Eye #RQCE3 -HTF
GCE01|GCE 01|GCE1|GIUP GCE01|GIUP-GCE01,Glass Cat Eye #GCE01 -HTF
GCE02|GCE 02|GCE2|GIUP GCE02|GIUP-GCE02,Glass Cat Eye #GCE02 -HTF
GCE03|GCE 03|GCE3|GIUP GCE03|GIUP-GCE03,Glass Cat Eye #GCE03 -HTF
GCE04|GCE 04|GCE4|GIUP GCE04|GIUP-GCE04,Glass Cat Eye #GCE04 -HTF
GCE05|GCE 05|GCE5|GIUP GCE05|GIUP-GCE05,Glass Cat Eye #GCE05 -HTF
GCE06|GCE 06|GCE6|GIUP GCE06|GIUP-GCE06,Glass Cat Eye #GCE06 -HTF
GCE07|GCE 07|GCE7|GIUP GCE07|GIUP-GCE07,Glass Cat Eye #GCE07 -HTF
TFG01|TFG 01|GIUP TFG01|GIUP-TFG01,Tuttie Fruity Glass #TFG01 -HTF
TFG02|TFG 02|GIUP TFG02|GIUP-TFG02,Tuttie Fruity Glass #TFG02 -HTF
TFG03|TFG 03|GIUP TFG03|GIUP-TFG03,Tuttie Fruity Glass #TFG03 -HTF
TFG04|TFG 04|GIUP TFG04|GIUP-TFG04,Tuttie Fruity Glass #TFG04 -HTF
TFG05|TFG 05|GIUP TFG05|GIUP-TFG05,Tuttie Fruity Glass #TFG05 -HTF
TFG06|TFG 06|GIUP TFG06|GIUP-TFG06,Tuttie Fruity Glass #TFG06 -HTF
SH1|SH 1|GIUP SH1|GIUP-SH1,Shimmer Collection #SH1 -HTF
SH2|SH 2|GIUP SH2|GIUP-SH2,Shimmer Collection #SH2 -HTF
SH3|SH 3|GIUP SH3|GIUP-SH3,Shimmer Collection #SH3 -HTF
SH4|SH 4|GIUP SH4|GIUP-SH4,Shimmer Collection #SH4 -HTF
SH5|SH 5|GIUP SH5|GIUP-SH5,Shimmer Collection #SH5 -HTF
SH6|SH 6|GIUP SH6|GIUP-SH6,Shimmer Collection #SH6 -HTF
MC1|MC 1|GIUP MC1|GIUP-MC1,Metallic Collection #MC1 -HTF
MC2|MC 2|GIUP MC2|GIUP-MC2,Metallic Collection #MC2 -HTF
MC3|MC 3|GIUP MC3|GIUP-MC3,Metallic Collection #MC3 -HTF
MC4|MC 4|GIUP MC4|GIUP-MC4,Metallic Collection #MC4 -HTF
MC5|MC 5|GIUP MC5|GIUP-MC5,Metallic Collection #MC5 -HTF
MC6|MC 6|GIUP MC6|GIUP-MC6,Metallic Collection #MC6 -HTF
MC7|MC 7|GIUP MC7|GIUP-MC7,Metallic Collection #MC7 -HTF
MC8|MC 8|GIUP MC8|GIUP-MC8,Metallic Collection #MC8 -HTF
BTB01|BTB 01|GIUP BTB01|GIUP-BTB01|GIUP B2BRED0001|GIUP B2BRed0001|BRED0001,BTB01 Rosso Corso -HTF
BTB02|BTB 02|GIUP BTB02|GIUP-BTB02|GIUP B2BBLUE0003|GIUP B2BBlue0003|BBLUE0003,BTB02 Nautilus -HTF
BTB03|BTB 03|GIUP BTB03|GIUP-BTB03|GIUP B2BYELLOW0002|GIUP B2BYellow0002|BYELLOW0002,BTB03 Brimstone -HTF
OTA01|OTA 01|OTA1|OTA 1|GIUP OTA01|GIUP-OTA01,Autumn 2021 OTA01 -HTF
OTA02|OTA 02|OTA2|OTA 2|GIUP OTA02|GIUP-OTA02,Autumn 2021 OTA02 -HTF
OTA03|OTA 03|OTA3|OTA 3|GIUP OTA03|GIUP-OTA03,Autumn 2021 OTA03 -HTF
OTA04|OTA 04|OTA4|OTA 4|GIUP OTA04|GIUP-OTA04,Autumn 2021 OTA04 -HTF
OTA05|OTA 05|OTA5|OTA 5|GIUP OTA05|GIUP-OTA05,Autumn 2021 OTA05 -HTF
OTA06|OTA 06|OTA6|OTA 6|GIUP OTA06|GIUP-OTA06,Autumn 2021 OTA06 -HTF
OTA07|OTA 07|OTA7|OTA 7|GIUP OTA07|GIUP-OTA07,Autumn 2021 OTA07 -HTF
OTA08|OTA 08|OTA8|OTA 8|GIUP OTA08|GIUP-OTA08,Autumn 2021 OTA08 -HTF
JNF01|JNF 01|GIUP JNF01|GIUP-JNF01,Jelly Neon Flash #JNF01 -HTF
JNF02|JNF 02|GIUP JNF02|GIUP-JNF02,Jelly Neon Flash #JNF02 -HTF
JNF03|JNF 03|GIUP JNF03|GIUP-JNF03,Jelly Neon Flash #JNF03 -HTF
JNF04|JNF 04|GIUP JNF04|GIUP-JNF04,Jelly Neon Flash #JNF04 -HTF
JNF05|JNF 05|GIUP JNF05|GIUP-JNF05,Jelly Neon Flash #JNF05 -HTF
JNF06|JNF 06|GIUP JNF06|GIUP-JNF06,Jelly Neon Flash #JNF06 -HTF
NYP01|NYP 01|GIUP NYP01|GIUP-NYP01,New York Party #NYP01 -HTF
NYP02|NYP 02|GIUP NYP02|GIUP-NYP02,New York Party #NYP02 -HTF
NYP03|NYP 03|GIUP NYP03|GIUP-NYP03,New York Party #NYP03 -HTF
NYP04|NYP 04|GIUP NYP04|GIUP-NYP04,New York Party #NYP04 -HTF
AD01|AD 01|GIUP AD01|GIUP-AD01,AD01 Bloody Red Moon -HTF
AD02|AD 02|GIUP AD02|GIUP-AD02,AD02 Cyprus Hill Asylum -HTF
AD03|AD 03|GIUP AD03|GIUP-AD03,AD03 Strange Blue Things -HTF
FR01|FR 01|GIUP FR01|GIUP-FR01,FR01 Egalité -HTF
FR02|FR 02|GIUP FR02|GIUP-FR02,FR02 Fraternité -HTF
FR03|FR 03|GIUP FR03|GIUP-FR03,FR03 Garnet -HTF
FR04|FR 04|GIUP FR04|GIUP-FR04,FR04 Living Coral -HTF
FR05|FR 05|GIUP FR05|GIUP-FR05,FR05 Almond Glaze -HTF
FR06|FR 06|GIUP FR06|GIUP-FR06,FR06 The Perfect Nude -HTF
FR08|FR 08|GIUP FR08|GIUP-FR08,FR08 Ice Drop -HTF
GIUP SB|GIUP-SB,Superbond Nail Dehydrator 11ml - Acid Free -HTF
sb ac|sb-ac|SB AC|SB-AC,Superbond Nail Dehydrator 11ml - with Acid -HTF
nailduster 1|nailduster_1|NAILDUSTER 1|NAILDUSTER_1,Wireless Nail Dust Collector New
apron|APRON,Apron Black With Logo
nailsticks clear scaled 1|nailsticks_clear-scaled-1|NAILSTICKS CLEAR SCALED 1,Nail sticks clear with ring
Βuffing block|Βuffing_block,Nail Files 100/100
Fual Forms SQUARE|FUAL FORMS SQUARE|fual forms square,DUAL FORMS SQUARE
Dual Forms LONG COFFIN|DUAL FORMS LONG COFFIN,SOAK OFF GEL TIPS LONG COFFIN
Dual Forms MEDIUM SQUARE|DUAL FORMS MEDIUM SQUARE,SOAK OFF GEL TIPS MEDIUM SQUARE
cushion sponge|cushion sponge 2|CUSHION SPONGE,Ombre sponge
GIUP SH07|SH07|SH 07,Shimmer Collection #SH07 -HTF
GIUP SH08|SH08|SH 08,Shimmer Collection #SH08 -HTF
GIUP SH09|SH09|SH 09,Shimmer Collection #SH09 -HTF
GIUP SH10|SH10|SH 10,Shimmer Collection #SH10 -HTF
GIUP SH11|SH11|SH 11,Shimmer Collection #SH11 -HTF
GIUP SH12|SH12|SH 12,Shimmer Collection #SH12 -HTF
SH01|SH 01|GIUP SH01,Shimmer Collection #SH1 -HTF
SH02|SH 02|GIUP SH02,Shimmer Collection #SH2 -HTF
SH03|SH 03|GIUP SH03,Shimmer Collection #SH3 -HTF
SH04|SH 04|GIUP SH04,Shimmer Collection #SH4 -HTF
SH05|SH 05|GIUP SH05,Shimmer Collection #SH5 -HTF
SH06|SH 06|GIUP SH06,Shimmer Collection #SH6 -HTF
GIUP SCE01|SCE01|SCE 01|SCE1,Sapphire Cat Eye #SCE01 -HTF
GIUP SCE02|SCE02|SCE 02|SCE2,Sapphire Cat Eye #SCE02 -HTF
GIUP SCE03|SCE03|SCE 03|SCE3,Sapphire Cat Eye #SCE03 -HTF
GIUP SCE04|SCE04|SCE 04|SCE4,Sapphire Cat Eye #SCE04 -HTF
GIUP PMA1|PMA1|PMA 1|PMA01|PMA 01,PMA #1 Champagne Blizzard -HTF
GIUP PMA2|PMA2|PMA 2|PMA02|PMA 02,PMA #2 Cosmic Confection -HTF
GIUP PMA3|PMA3|PMA 3|PMA03|PMA 03,PMA #3 Pop Dot Drama -HTF
GIUP PMA4|PMA4|PMA 4|PMA04|PMA 04,PMA #4 Kapow -HTF
GIUP PMA5|PMA5|PMA 5|PMA05|PMA 05,PMA #5 Comic Strip Crimson -HTF
GIUP PMA6|PMA6|PMA 6|PMA06|PMA 06,PMA #6 Pop Popsicle Pink -HTF
GIUP PMA7|PMA7|PMA 7|PMA07|PMA 07,PMA #7 Blasted Blue -HTF
GIUP PMA8|PMA8|PMA 8|PMA08|PMA 08,PMA #8 Vibrant Vector Violet -HTF
GIUP FAN01|FAN01|FAN 01,FAN01 -HTF
GIUP FAN02|FAN02|FAN 02,FAN02 -HTF
GIUP FAN03|FAN03|FAN 03,FAN03 -HTF
GIUP FAN04|FAN04|FAN 04,FAN04 -HTF
GIUP FAN05|FAN05|FAN 05,FAN05 -HTF
GIUP FAN06|FAN06|FAN 06,FAN06 -HTF
GIUP FAN07|FAN07|FAN 07,FAN07 -HTF
GIUP FAN08|FAN08|FAN 08,FAN08 -HTF
GIUP FAN09|FAN09|FAN 09,FAN09 -HTF
GIUP FAN10|FAN10|FAN 10,FAN10 -HTF
GIUP FAN11|FAN11|FAN 11,FAN11 -HTF
GIUP FAN13|FAN13|FAN 13,FAN13 -HTF
GIUP N001|N001|N 001,N001 Geisha Girl -HTF
GIUP N002|N002|N 002,N002 Cashmere -HTF
GIUP N003|N003|N 003,N003 Porcelain -HTF
GIUP N004|N004|N 004,N004 Spun Sugar -HTF
GIUP N005|N005|N 005,N005 Burberry Blush -HTF
GIUP N006|N006|N 006,N006 Chanterel -HTF
GIUP N007|N007|N 007,N007 Naked Beauty -HTF
GIUP N008|N008|N 008,N008 If The Shoe Fits -HTF
GIUP N009|N009|N 009,N009 Blushing Bride -HTF
GIUP N010|N010|N 010,N010 Frappelicious -HTF
GIUP N011|N011|N 011,N011 Berry Me Softly -HTF
GIUP N012|N012|N 012,N012 Fluffy Blue Sky -HTF
GIUP N013|N013|N 013,N013 Antique -HTF
GIUP N014|N014|N 014,N014 Sugarcane -HTF
GIUP N015|N015|N 015,N015 Celestial -HTF
GIUP N016|N016|N 016,N016 Wild Card -HTF
GIUP N017|N017|N 017,N017 Pale Petal -HTF
GIUP N018|N018|N 018,N018 Chic -HTF
GIUP N019|N019|N 019,N019 Luxe Linen -HTF
GIUP N020|N020|N 020,N020 Beige Bliss -HTF
GIUP N021|N021|N 021,N021 Soft Mocha -HTF
GIUP N022|N022|N 022,N022 Blushing Buff -HTF
GIUP N023|N023|N 023,N023 Princess Diaries -HTF
GIUP N024|N024|N 024,N024 New Porn Pink -HTF
GIUP N025|N025|N 025,N025 Latte Mouse -HTF
GIUP N026|N026|N 026,N026 Whispering Blush -HTF
GIUP R01|R01|GIUP R1|R1|GIUP R001|R001,GEL.IT.UP 1 R01 11ml -HTF
GIUP R02|R02|GIUP R2|R2|GIUP R002|R002,GEL.IT.UP 1 R02 11ml -HTF
GIUP R03|R03|GIUP R3|R3|GIUP R003|R003,GEL.IT.UP 1 R03 11ml -HTF
GIUP R04|R04|GIUP R4|R4|GIUP R004|R004,GEL.IT.UP 1 R04 11ml -HTF
GIUP R05|R05|GIUP R5|R5|GIUP R005|R005,GEL.IT.UP 1 R05 11ml -HTF
GIUP R06|R06|GIUP R6|R6|GIUP R006|R006,GEL.IT.UP 1 R06 11ml -HTF
GIUP R07|R07|GIUP R7|R7|GIUP R007|R007,GEL.IT.UP 1 R07 11ml -HTF
GIUP R08|R08|GIUP R8|R8|GIUP R008|R008,GEL.IT.UP 1 R08 11ml -HTF
GIUP R09|R09|GIUP R9|R9|GIUP R009|R009,GEL.IT.UP 1 R09 11ml -HTF
GIUP R10|R10|GIUP R010|R010,GEL.IT.UP 1 R10 11ml -HTF
GIUP R11|R11|GIUP R011|R011,GEL.IT.UP 1 R11 11ml -HTF
GIUP R12|R12|GIUP R012|R012,GEL.IT.UP 1 R12 11ml -HTF
GIUP R13|R13|GIUP R013|R013,GEL.IT.UP 1 R13 11ml -HTF
GIUP R14|R14|GIUP R014|R014,GEL.IT.UP 1 R14 11ml -HTF
GIUP R15|R15|GIUP R015|R015,GEL.IT.UP 1 R15 11ml -HTF
GIUP R16|R16|GIUP R016|R016,GEL.IT.UP 1 R16 11ml -HTF
GIUP R17|R17|GIUP R017|R017,GEL.IT.UP 1 R17 11ml -HTF
GIUP R18|R18|GIUP R018|R018,GEL.IT.UP 1 R18 11ml -HTF
GIUP R19|R19|GIUP R019|R019,GEL.IT.UP 1 R19 11ml -HTF
GIUP R20|R20|GIUP R020|R020,GEL.IT.UP 1 R20 11ml -HTF
GIUP R21|R21|GIUP R021|R021,GEL.IT.UP 1 R21 11ml -HTF
GIUP R22|R22|GIUP R022|R022,GEL.IT.UP 1 R22 11ml -HTF
GIUP R23|R23|GIUP R023|R023,GEL.IT.UP 1 R23 11ml -HTF
GIUP R24|R24|GIUP R024|R024,GEL.IT.UP 1 R24 11ml -HTF
GIUP R25|R25|GIUP R025|R025,GEL.IT.UP 1 R25 11ml -HTF
GIUP R26|R26|GIUP R026|R026,GEL.IT.UP 1 R26 11ml -HTF
GIUP R27|R27|GIUP R027|R027,GEL.IT.UP 1 R27 11ml -HTF
GIUP R28|R28|GIUP R028|R028,GEL.IT.UP 1 R28 11ml -HTF
GIUP R29|R29|GIUP R029|R029,GEL.IT.UP 1 R29 11ml -HTF
GIUP R30|R30|GIUP R030|R030,GEL.IT.UP 1 R30 11ml -HTF
GIUP R31|R31|GIUP R031|R031,GEL.IT.UP 1 R31 11ml -HTF
GIUP R32|R32|GIUP R032|R032,GEL.IT.UP 1 R32 11ml -HTF
GIUP R33|R33|GIUP R033|R033,GEL.IT.UP 1 R33 11ml -HTF
GIUP R34|R34|GIUP R034|R034,GEL.IT.UP 1 R34 11ml -HTF
GIUP R35|R35|GIUP R035|R035,GEL.IT.UP 1 R35 11ml -HTF
GIUP R36|R36|GIUP R036|R036,GEL.IT.UP 1 R36 11ml -HTF
GIUP R37|R37|GIUP R037|R037,GEL.IT.UP 1 R37 11ml -HTF
GIUP R38|R38|GIUP R038|R038,GEL.IT.UP 1 R38 11ml -HTF
GIUP R39|R39|GIUP R039|R039,GEL.IT.UP 1 R39 11ml -HTF
GIUP R40|R40|GIUP R040|R040,GEL.IT.UP 1 R40 11ml -HTF