code,product_name,colour_family
15,15 Total Eclipse -HTF,Black
15A,15A Mohana -HTF,Black
2055,2055 Liquid Tar -HTF,Black
17,17 Bruised Ego -HTF,Blue
1810,1810 Behind Closed Doors -HTF,Blue
1815,1815 What a Slate -HTF,Blue
1816,1816 Tempted -HTF,Blue
1933,1933 Hump Back -HTF,Blue
1938,1938 Midnight -HTF,Blue
2031,2031 Down By The Sea -HTF,Blue
2033,2033 Baby Shark -HTF,Blue
2034,2034 Smurfs Baby -HTF,Blue
2053,2053 Lockdown Blues -HTF,Blue
2128,2128 -HTF,Blue
2129,2129 Absolute -HTF,Blue
2130,2130 Passing Storm -HTF,Blue
2229,2229 Blue Bean -HTF,Blue
2232,2232 Bahama Blue -HTF,Blue
2233,2233 Astronaut in the Ocean -HTF,Blue
2300,2300 In the Shallows -HTF,Blue
2303,2303 Blou Berg Strand -HTF,Blue
2409,2409 Bad Boy Blue -HTF,Blue
2423,2423 Peaceful Surrender -HTF,Blue
2429,2429 2 Blue 2 B Tru -HTF,Blue
2438,2438 Midnight Allnight -HTF,Blue
2443,2443 Oti Nane Blue -HTF,Blue
2449,2449 Its Gonna Be My Favourite -HTF,Blue
2451,2451 Bluetallica -HTF,Blue
2456,2456 Maybe Denim -HTF,Blue
2507,2507 Aqua Splash -HTF,Blue
2615,2615 Sky Cream -HTF,Blue
70,70 Bubbles -HTF,Blue
701,701 Portside -HTF,Blue
702,702 Sea Breeze -HTF,Blue
703,703 Electric Stingray -HTF,Blue
704,704 Cape Of Storms -HTF,Blue
705,705 Hang Ten -HTF,Blue
706,706 Whale Watching -HTF,Blue
707,707 Hang 11 -HTF,Blue
708,708 Blue Bayou -HTF,Blue
71,71 Vanuatu -HTF,Blue
72,72 Monday Milkshake -HTF,Blue
73,73 Smurfboard -HTF,Blue
74,74 Sailor She -HTF,Blue
75,75 Oia Blue -HTF,Blue
76,76 Dusty Sky -HTF,Blue
77,77 Starboard -HTF,Blue
78,78 The Abyss -HTF,Blue
79,79 Mobi Dick -HTF,Blue
AD03,AD03 Strange Blue Things -HTF,Blue
B2B03,,Blue
140,140 Nudity -HTF,Brown
141,141 Sands of Time -HTF,Brown
142,142 Be Nutty -HTF,Brown
143,143 Cinna-Bum -HTF,Brown
144,144 Choc-A-Holic -HTF,Brown
145,145 Spiced Up -HTF,Brown
146,146 Cocoa Bean -HTF,Brown
147,147 Bitter Sweet -HTF,Brown
148,148 Cherrywood -HTF,Brown
149,149 Illumi-Latte -HTF,Brown
150,150 Espresso No -HTF,Brown
151,151 Praline Mocca -HTF,Brown
152,152 Frisco -HTF,Brown
153,153 Barely There -HTF,Brown
154,154 Minky -HTF,Brown
155,155 Memory Lane -HTF,Brown
156,156 Foxen -HTF,Brown
1923,1923 Hug-A-Bear -HTF,Brown
1925,1925 Serengeti -HTF,Brown
1947,1947 Naturally Yours -HTF,Brown
2042,2042 Up-Up -HTF,Brown
2049,2049 Bad Apple -HTF,Brown
2133,2133 Voir la vie en rose -HTF,Brown
2136,2136 -HTF,Brown
2137,2137 Amber Embers -HTF,Brown
2138,2138 Sans Retenue -HTF,Brown
2139,2139 Sugar Free -HTF,Brown
2140,2140 Speechless -HTF,Brown
2220,2220 Fading Whiskey Hangover -HTF,Brown
2221,2221 Collapsed Créme Caramel -HTF,Brown
2223,2223 Chocolate Deprived -HTF,Brown
2224,2224 Poor Gingerbread Man -HTF,Brown
2439,2439 Irish Cream -HTF,Brown
2442,2442 Chocolate Crepes -HTF,Brown
2521,2521 Choco Veil -HTF,Brown
1823,1823 Pumpkin Pie -HTF,Coral Orange
1901,1901 Desert Hori-Zen -HTF,Coral Orange
1902,1902 Rings Around the Sun -HTF,Coral Orange
1903,1903 Dancing Firefly (Thermo / Glow) -HTF,Coral Orange
1904,1904 Sienna -HTF,Coral Orange
1905,1905 Sweet Sunset -HTF,Coral Orange
1906,1906 The New Black -HTF,Coral Orange
1907,1907 Red Acacia -HTF,Coral Orange
1926,1926 Eco-Savvy -HTF,Coral Orange
2020,2020 Soft and Sweet -HTF,Coral Orange
2021,2021 Sri-Lanka -HTF,Coral Orange
2038,2038 Hibiscus -HTF,Coral Orange
2039,2039 Coral Reef -HTF,Coral Orange
2041,2041 Di-Bi-Di-Bi -HTF,Coral Orange
2063,2063 Trick or Treat -HTF,Coral Orange
2201,2201 Leave Mealon -HTF,Coral Orange
2203,2203 Pinchy Orange -HTF,Coral Orange
2204,2204 Ouch -HTF,Coral Orange
2222,2222 Hot Cheetos -HTF,Coral Orange
2422,2422 Mango Mania -HTF,Coral Orange
2441,2441 Creamy Tomatoes -HTF,Coral Orange
2511,2511 Skin Shock -HTF,Coral Orange
2611,2611 Angel Pink -HTF,Coral Orange
2612,2612 Coral Milk -HTF,Coral Orange
30,30 Manilla Buff -HTF,Coral Orange
31,31 Just Peachy -HTF,Coral Orange
32,32 Oranya -HTF,Coral Orange
33,33 Finding Nemo -HTF,Coral Orange
34,34 Papaya Cream -HTF,Coral Orange
34B,34B Stop using Me -HTF,Coral Orange
35,35 Tropicana -HTF,Coral Orange
36,36 Carmine -HTF,Coral Orange
37,37 Sanguini -HTF,Coral Orange
38,38 Under the Cover -HTF,Coral Orange
39,39 Mandarinia -HTF,Coral Orange
41,41 Dancing with Attitude -HTF,Coral Orange
1812,1812 GIUP® Oil -HTF,Green
19,19 Kelp Me -HTF,Green
1913,1913 Shallow Water -HTF,Green
1914,1914 Lime Sorbet -HTF,Green
1915,1915 Mirage -HTF,Green
1920,1920 -HTF,Green
1922,1922 -HTF,Green
1927,1927 Forestation -HTF,Green
1928,1928 Caretta Caretta -HTF,Green
1929,1929 Paint It Green -HTF,Green
1934,1934 R-R-R -HTF,Green
2024,2024 Durban Weed -HTF,Green
2025,2025 Calm Palm -HTF,Green
2026,2026 Whaat Pistachio -HTF,Green
2027,2027 Emerald Coast -HTF,Green
2028,2028 Below Sea Level -HTF,Green
2029,2029 Show Me The Moneee -HTF,Green
2047,2047 Delphi Grove -HTF,Green
2058,2058 Pewt me on the Shelf -HTF,Green
2120,2120 Spoilt For Choice -HTF,Green
2121,2121 Green Light -HTF,Green
2122,2122 No Fear -HTF,Green
2123,2123 Echo of life -HTF,Green
2124,2124 Blow Your Mind -HTF,Green
2125,2125 Crystal Clear Dreams -HTF,Green
2200,2200 Electric Lizard -HTF,Green
2202,2202 Messy Opalina -HTF,Green
2212,2212 Ghosted -HTF,Green
2213,2213 Drunken Acorn -HTF,Green
2214,2214 What happened to Olive -HTF,Green
2215,2215 Glass Frog -HTF,Green
2216,2216 Search Party -HTF,Green
2217,2217 Pouting Porpoise -HTF,Green
2218,2218 Simmer Down -HTF,Green
2219,2219 -HTF,Green
2230,2230 Smalty -HTF,Green
2231,2231 Pennyless -HTF,Green
2302,2302 -HTF,Green
2308,2308 Tealy Blue -HTF,Green
2324,2324 Petrol Pearl -HTF,Green
2419,2419 Dipsy -HTF,Green
2424,2424 BulBaSaur -HTF,Green
2427,2427 Chop Hop -HTF,Green
2440,2440 Peacko Peacko -HTF,Green
2450,2450 Grumpy Forest -HTF,Green
2515,2515 Shadow Grey -HTF,Green
80,80 Minty Moment -HTF,Green
81,81 Mojito Mint -HTF,Green
82,82 After Winter -HTF,Green
83,83 Mojo Jojo -HTF,Green
84,84 Laguna -HTF,Green
85,85 Luck o Irish -HTF,Green
86,86 Cad-mi-um -HTF,Green
87,87 Army Chic -HTF,Green
88,88 Girls Enlisted -HTF,Green
89,89 Tank-Her-Up -HTF,Green
90,90 Foxtrot -HTF,Green
91,91 Montego Twist -HTF,Green
92,92 Stay Cool -HTF,Green
93,93 Grey Envy -HTF,Green
94,94 Del-Ta-Fem -HTF,Green
95,95 Peppermint Crisp -HTF,Green
96,96 Stoned -HTF,Green
97,97 Spirit of the Ocean -HTF,Green
AD02,AD02 Cyprus Hill Asylum -HTF,Green
11,11 Nimbus -HTF,Grey
12,12 Stratus -HTF,Grey
13,13 Purple Rain -HTF,Grey
14,14 Matriarch -HTF,Grey
1811,1811 Another Shade of Grey -HTF,Grey
1814,1814 Swinger -HTF,Grey
1921,1921 Up Up and Away -HTF,Grey
1924,1924 Purified -HTF,Grey
2046,2046 Twilight Mist -HTF,Grey
2052,2052 Clear Grey Skies -HTF,Grey
2062,2062 Dark Side of the Street -HTF,Grey
2126,2126 Late Night Hopes -HTF,Grey
2127,2127 Creativity -HTF,Grey
2141,2141 Salamander’s Realm -HTF,Grey
2142,2142 Master key -HTF,Grey
2144,2144 -HTF,Grey
2225,2225 Milk and Water -HTF,Grey
2332,2332 Back Off -HTF,Grey
2436,2436 Lava Stone -HTF,Grey
2445,2445 Gunmetal Grey -HTF,Grey
2513,2513 Misty Dove -HTF,Grey
2525,2525 Dark Matter -HTF,Grey
21A,21A Hungover -HTF,Neon
23,23 Jupe-Jupe -HTF,Neon
24,24 Pink-A-Boo -HTF,Neon
26,26 Electric Lime -HTF,Neon
27,27 Atomic Tangerine -HTF,Neon
27A,27A Sex Wax -HTF,Neon
28,28 Working Girl -HTF,Neon
28A,28A Stripper -HTF,Neon
29,29 Screaming Queen -HTF,Neon
29A,29A Dz Dz Dzzzzz -HTF,Neon
40,40 Juicy Lucy -HTF,Neon
100,100 Baby Blush -HTF,Pink
100A,100A She Bangs -HTF,Pink
101,101 Hispanicum -HTF,Pink
102,102 Marshmallow -HTF,Pink
103,103 Pink Pizazz -HTF,Pink
104,104 Flamingo -HTF,Pink
105,105 Bar-Bee -HTF,Pink
106,106 Smooch -HTF,Pink
107,107 Strawbs and Cream -HTF,Pink
108,108 Funky Fusion -HTF,Pink
109,,Pink
110,110 Plush -HTF,Pink
111,111 Stupid Cupid -HTF,Pink
112,112 Moscow Pink -HTF,Pink
113,113 Orgasmink -HTF,Pink
114,114 Carnations Kiss -HTF,Pink
115,115 Tickled Pink -HTF,Pink
116,116 Fandango -HTF,Pink
117,117 Plum-it -HTF,Pink
118,118 Midnight Royale -HTF,Pink
119,119 Indescent Proposal -HTF,Pink
1821,1821 Another Kinda Pink -HTF,Pink
1908,1908 Desert Scorpion -HTF,Pink
1909,1909 Tamarix -HTF,Pink
1910,1910 Pink Lady Lemonade -HTF,Pink
1911,1911 Unveiling -HTF,Pink
1931,1931 -HTF,Pink
1940,1940 Delight Me -HTF,Pink
1941,1941 Keep Me Guessing -HTF,Pink
1945,1945 Amaranth -HTF,Pink
1946,1946 Whoops -HTF,Pink
2043,2043 Love Mania -HTF,Pink
2057,2057 Curfew -HTF,Pink
2206,2206 Jazzberry -HTF,Pink
2207,2207 -HTF,Pink
2208,2208 -HTF,Pink
2209,2209 -HTF,Pink
2420,2420 Pink Smarty -HTF,Pink
2421,2421 Fashionable Fuchs -HTF,Pink
2428,2428 Shock Me Magenta -HTF,Pink
2509,2509 Floral Fiesta -HTF,Pink
2510,2510 Pink Parfait -HTF,Pink
2512,2512 Ember Rose -HTF,Pink
2516,2516 Berry Obsession -HTF,Pink
2519,2519 Merlot Veil -HTF,Pink
2613,2613 Rosy Pop -HTF,Pink
120,120 Wisteria Lane -HTF,Purple
121,121 Tau-Pe-Do -HTF,Purple
122,122 Floating Lilly -HTF,Purple
123,123 Psychedelic Barney -HTF,Purple
124,124 Ma-Di-Gra -HTF,Purple
125,125 Cyber Grape -HTF,Purple
126,126 Moody Monday -HTF,Purple
127,127 Purple Hearts -HTF,Purple
128,128 Indigo Dreams -HTF,Purple
129,129 Smoke on the Water -HTF,Purple
130,130 Byzantium -HTF,Purple
132,132 Jamaikin Me Purple -HTF,Purple
133,133 African Violet -HTF,Purple
134,134 Obsessive -HTF,Purple
135,135 Secret Randesvouz -HTF,Purple
136,136 Jac-A-Randa -HTF,Purple
137,137 Love Child -HTF,Purple
18,18 Violet Nights -HTF,Purple
1803,1803 Dont Pout -HTF,Purple
1804,1804 Cuddle Me -HTF,Purple
1805,1805 Rack Em Up -HTF,Purple
1806,1806 Linger On -HTF,Purple
1807,1807 Truth Be Told -HTF,Purple
1808,1808 Show Me Yours -HTF,Purple
1809,1809 Naughtier Than Nice -HTF,Purple
1820,1820 Not on PurPose -HTF,Purple
1912,1912 Heat Overload (Thermo /Glow) -HTF,Purple
1916,1916 Shoe Blue -HTF,Purple
2044,2044 -HTF,Purple
2045,2045 Heather Heights -HTF,Purple
2048,2048 Still Good -HTF,Purple
2131,2131 Conquest -HTF,Purple
2132,2132 Lilac Chaser Illusion -HTF,Purple
2134,2134 Vintage Rose -HTF,Purple
2210,2210 Kazoo -HTF,Purple
2211,2211 Purple People Eater -HTF,Purple
2226,2226 Moon Rake -HTF,Purple
2228,2228 Spilt Wine -HTF,Purple
2305,2305 Genderless Barney -HTF,Purple
2306,2306 My Favourite Sweater -HTF,Purple
2319,2319 Iris Intensity -HTF,Purple
2320,2320 Orchid Obsession -HTF,Purple
2321,2321 Twilight Tincture -HTF,Purple
2322,2322 Amathyst Awakening -HTF,Purple
2406,2406 Always a Bridemaid -HTF,Purple
2426,2426 Tinky Winky -HTF,Purple
2444,2444 Mulberry -HTF,Purple
2446,2446 Too Dark For You -HTF,Purple
2453,2453 Flirting with Purple -HTF,Purple
2526,2526 Double Jeopardy -HTF,Purple
2614,2614 Soft Iris -HTF,Purple
GIUP131,,Purple
16,16 Black Hot Chilli Peppers -HTF,Red
1801,1801 2 Hot 2 Handle -HTF,Red
1802,1802 Bite Your Lip -HTF,Red
1930,1930 Pink Rhino Horns -HTF,Red
1932,1932 Habibi-Tat -HTF,Red
1943,1943 Dancing Shoes -HTF,Red
2050,2050 Twice Bitten -HTF,Red
2051,2051 Thrice Shy -HTF,Red
2060,2060 Chocolate Cherry -HTF,Red
2061,2061 Onyx -HTF,Red
2135,2135 Ruby Velvet -HTF,Red
2146,2146 Another Red -HTF,Red
2205,2205 Firecracker -HTF,Red
2227,2227 VuDu U Think U R -HTF,Red
2304,2304 Coral Me Red -HTF,Red
2316,2316 Am I Ferrari Red -HTF,Red
2323,2323 Maraschino Maven -HTF,Red
2425,2425 Frozen Nemo -HTF,Red
2437,2437 Sangiovese -HTF,Red
2455,2455 Cabaret Style -HTF,Red
2457,2457 Chilli Peppers -HTF,Red
2458,2458 Cherry Cherry Lady -HTF,Red
2459,2459 Lipstick -HTF,Red
2460,2460 Venice Mask -HTF,Red
2461,2461 Gluhwein -HTF,Red
2518,2518 Vintage Whisper -HTF,Red
2523,2523 Ruby Noir -HTF,Red
2528,2528 Queen of the night -HTF,Red
50,50 Reckless -HTF,Red
51,51 Very Berry -HTF,Red
51A,51A Raspberry Ripple -HTF,Red
52,52 Mailbox -HTF,Red
53,53 Cabernet -HTF,Red
54,54 Seduce Me -HTF,Red
55,55 Passion-8 -HTF,Red
56,56 Ker-A-Sie -HTF,Red
57,57 Throw-A-Flame -HTF,Red
58,58 Cherri-O-Baby -HTF,Red
59,59 Try Everything Once -HTF,Red
60,60 Candy Apple -HTF,Red
61,61 Bite Me -HTF,Red
62,62 RedRum -HTF,Red
63,63 Sangria Talking -HTF,Red
64,64 Tuscany -HTF,Red
AD01,AD01 Bloody Red Moon -HTF,Red
B2BRed0001,BTB01 Rosso Corso -HTF,Red
01-FFF,FFF White Years Ahead -HTF,White
01,01 Ice Ice Baby -HTF,White
1900,1900 Moon Mist -HTF,Yellow
20,20 Lemon Swirl -HTF,Yellow
2022,2022 PhiPhi Island -HTF,Yellow
2023,2023 PickNickers -HTF,Yellow
2054,2054 Ko Heeba -HTF,Yellow
2056,2056 BeeeHave -HTF,Yellow
20A,20A Chiffon -HTF,Yellow
20B,20B Tie A Yellow Ribbon -HTF,Yellow
20C,20C Dawn Patrol -HTF,Yellow
21,21 Mikado -HTF,Yellow
2143,2143 Sunshine Ahead -HTF,Yellow
22,22 Havanna Banana -HTF,Yellow
25,25 Glowstick -HTF,Yellow
B2BYellow0002,BTB03 Brimstone -HTF,Yellow