sku,colorFamily,imageUrl
# Valid colorFamily values: RED,PINK,NUDE,ORANGE,YELLOW,GREEN,BLUE,PURPLE,BROWN,GREY,BLACK,WHITE
GIUP-01,,/gelitup-content/product-images/COLORS/SOLID GEL POLISH/GIUP-01.jpg
GIUP-02,,/gelitup-content/product-images/COLORS/SOLID GEL POLISH/GIUP-02.jpg
GIUP-2B,,/gelitup-content/product-images/COLORS/SOLID GEL POLISH/GIUP-2B.jpg
GIUP-2C,,/gelitup-content/product-images/COLORS/SOLID GEL POLISH/GIUP-2C.jpg
GIUP-2D,,/gelitup-content/product-images/COLORS/SOLID GEL POLISH/GIUP-2D.jpg
GIUP-2E,,/gelitup-content/product-images/COLORS/SOLID GEL POLISH/GIUP-2E.jpg
GIUP-2F,,/gelitup-content/product-images/COLORS/SOLID GEL POLISH/GIUP-2F.jpg
GIUP-2G,,/gelitup-content/product-images/COLORS/SOLID GEL POLISH/GIUP-2G.jpg
GIUP-2H,,/gelitup-content/product-images/COLORS/SOLID GEL POLISH/GIUP-2H.webp
GIUP-2I,,/gelitup-content/product-images/COLORS/SOLID GEL POLISH/GIUP-2I.webp
GIUP-03,,/gelitup-content/product-images/COLORS/SOLID GEL POLISH/GIUP-03.jpg
GIUP-04,,/gelitup-content/product-images/COLORS/SOLID GEL POLISH/GIUP-04.jpg
GIUP-05,,/gelitup-content/product-images/COLORS/SOLID GEL POLISH/GIUP-05.jpg
GIUP-06,,/gelitup-content/product-images/COLORS/SOLID GEL POLISH/GIUP-06.jpg
GIUP-07,,/gelitup-content/product-images/COLORS/SOLID GEL POLISH/GIUP-07.jpg
GIUP-7B,,/gelitup-content/product-images/COLORS/SOLID GEL POLISH/GIUP-7B.jpg
GIUP-7C,,/gelitup-content/product-images/COLORS/SOLID GEL POLISH/GIUP-7C.jpg
GIUP-7D,,/gelitup-content/product-images/COLORS/SOLID GEL POLISH/GIUP-7D.jpg
GIUP-08,,/gelitup-content/product-images/COLORS/SOLID GEL POLISH/GIUP-08.jpg
GIUP-8A,,/gelitup-content/product-images/COLORS/SOLID GEL POLISH/GIUP-8A.jpg
GIUP-08B,,/gelitup-content/product-images/COLORS/SOLID GEL POLISH/GIUP-08B.jpg
GIUP-8C,,/gelitup-content/product-images/COLORS/SOLID GEL POLISH/GIUP-8C.jpg
GIUP-8D,,/gelitup-content/product-images/COLORS/SOLID GEL POLISH/GIUP-8D.jpg
GIUP-8E,,/gelitup-content/product-images/COLORS/SOLID GEL POLISH/GIUP-8E.jpg
GIUP-8F,,/gelitup-content/product-images/COLORS/SOLID GEL POLISH/GIUP-8F.webp
GIUP-09,,/gelitup-content/product-images/COLORS/SOLID GEL POLISH/GIUP-09.jpg
GIUP-9A,,/gelitup-content/product-images/COLORS/SOLID GEL POLISH/GIUP-9A.jpg
GIUP-9B,,/gelitup-content/product-images/COLORS/SOLID GEL POLISH/GIUP-9B.jpg
GIUP-10,,/gelitup-content/product-images/COLORS/SOLID GEL POLISH/GIUP-10.jpg
GIUP-11,,/gelitup-content/product-images/COLORS/SOLID GEL POLISH/GIUP-11.jpg
GIUP-12,,/gelitup-content/product-images/COLORS/SOLID GEL POLISH/GIUP-12.jpg
GIUP-13,,/gelitup-content/product-images/COLORS/SOLID GEL POLISH/GIUP-13.jpg
GIUP-14,,/gelitup-content/product-images/COLORS/SOLID GEL POLISH/GIUP-14.jpg
GIUP-15,,/gelitup-content/product-images/COLORS/SOLID GEL POLISH/GIUP-15.jpg
GIUP-15A,,/gelitup-content/product-images/COLORS/SOLID GEL POLISH/GIUP-15A.jpg
GIUP-16,,/gelitup-content/product-images/COLORS/SOLID GEL POLISH/GIUP-16.jpg
GIUP-17,,/gelitup-content/product-images/COLORS/SOLID GEL POLISH/GIUP-17.jpg
GIUP-18,,/gelitup-content/product-images/COLORS/SOLID GEL POLISH/GIUP-18.jpg
GIUP-19,,/gelitup-content/product-images/COLORS/SOLID GEL POLISH/GIUP-19.jpg
GIUP-20,,/gelitup-content/product-images/COLORS/SOLID GEL POLISH/GIUP-20.jpg
GIUP-20A,,/gelitup-content/product-images/COLORS/SOLID GEL POLISH/GIUP-20A.jpg
GIUP-20B,,/gelitup-content/product-images/COLORS/SOLID GEL POLISH/GIUP-20B.jpg
GIUP-20C,,/gelitup-content/product-images/COLORS/SOLID GEL POLISH/GIUP-20C.jpg
GIUP-21,,/gelitup-content/product-images/COLORS/SOLID GEL POLISH/GIUP-21.jpg
GIUP-21A,,/gelitup-content/product-images/COLORS/SOLID GEL POLISH/GIUP-21A.jpg
GIUP-22,,/gelitup-content/product-images/COLORS/SOLID GEL POLISH/GIUP-22.jpg
GIUP-23,,/gelitup-content/product-images/COLORS/SOLID GEL POLISH/GIUP-23.jpg
GIUP-24,,/gelitup-content/product-images/COLORS/SOLID GEL POLISH/GIUP-24.jpg
GIUP-25,,/gelitup-content/product-images/COLORS/SOLID GEL POLISH/GIUP-25.jpg
GIUP-26,,/gelitup-content/product-images/COLORS/SOLID GEL POLISH/GIUP-26.jpg
GIUP-27,,/gelitup-content/product-images/COLORS/SOLID GEL POLISH/GIUP-27.jpg
GIUP-27A,,/gelitup-content/product-images/COLORS/SOLID GEL POLISH/GIUP-27A.jpg
GIUP-28,,/gelitup-content/product-images/COLORS/SOLID GEL POLISH/GIUP-28.jpg
GIUP-28A,,/gelitup-content/product-images/COLORS/SOLID GEL POLISH/GIUP-28A.jpg
GIUP-29,,/gelitup-content/product-images/COLORS/SOLID GEL POLISH/GIUP-29.jpg
GIUP-29A,,/gelitup-content/product-images/COLORS/SOLID GEL POLISH/GIUP-29A.jpg
GIUP-30,,/gelitup-content/product-images/COLORS/SOLID GEL POLISH/GIUP-30.jpg
GIUP-31,,/gelitup-content/product-images/COLORS/SOLID GEL POLISH/GIUP-31.jpg
GIUP-32,,/gelitup-content/product-images/COLORS/SOLID GEL POLISH/GIUP-32.jpg
GIUP-33,,/gelitup-content/product-images/COLORS/SOLID GEL POLISH/GIUP-33.jpg
GIUP-34,,/gelitup-content/product-images/COLORS/SOLID GEL POLISH/GIUP-34.jpg
GIUP-34B,,/gelitup-content/product-images/COLORS/SOLID GEL POLISH/GIUP-34B.jpg
GIUP-35,,/gelitup-content/product-images/COLORS/SOLID GEL POLISH/GIUP-35.jpg
GIUP-36,,/gelitup-content/product-images/COLORS/SOLID GEL POLISH/GIUP-36.jpg
GIUP-37,,/gelitup-content/product-images/COLORS/SOLID GEL POLISH/GIUP-37.jpg
GIUP-38,,/gelitup-content/product-images/COLORS/SOLID GEL POLISH/GIUP-38.jpg
GIUP-39,,/gelitup-content/product-images/COLORS/SOLID GEL POLISH/GIUP-39.jpg
GIUP-40,,/gelitup-content/product-images/COLORS/SOLID GEL POLISH/GIUP-40.jpg
GIUP-41,,/gelitup-content/product-images/COLORS/SOLID GEL POLISH/GIUP-41.jpg
GIUP-50,,/gelitup-content/product-images/COLORS/SOLID GEL POLISH/GIUP-50.jpg
GIUP-51,,/gelitup-content/product-images/COLORS/SOLID GEL POLISH/GIUP-51.jpg
GIUP-51A,,/gelitup-content/product-images/COLORS/SOLID GEL POLISH/GIUP-51A.jpg
GIUP-52,,/gelitup-content/product-images/COLORS/SOLID GEL POLISH/GIUP-52.jpg
GIUP-53,,/gelitup-content/product-images/COLORS/SOLID GEL POLISH/GIUP-53.jpg
GIUP-54,,/gelitup-content/product-images/COLORS/SOLID GEL POLISH/GIUP-54.jpg
GIUP-55,,/gelitup-content/product-images/COLORS/SOLID GEL POLISH/GIUP-55.jpg
GIUP-56,,/gelitup-content/product-images/COLORS/SOLID GEL POLISH/GIUP-56.jpg
GIUP-57,,/gelitup-content/product-images/COLORS/SOLID GEL POLISH/GIUP-57.jpg
GIUP-58,,/gelitup-content/product-images/COLORS/SOLID GEL POLISH/GIUP-58.jpg
GIUP-59,,/gelitup-content/product-images/COLORS/SOLID GEL POLISH/GIUP-59.jpg
GIUP-60,,/gelitup-content/product-images/COLORS/SOLID GEL POLISH/GIUP-60.jpg
GIUP-61,,/gelitup-content/product-images/COLORS/SOLID GEL POLISH/GIUP-61.jpg
GIUP-62,,/gelitup-content/product-images/COLORS/SOLID GEL POLISH/GIUP-62.jpg
GIUP-63,,/gelitup-content/product-images/COLORS/SOLID GEL POLISH/GIUP-63.jpg
GIUP-64,,/gelitup-content/product-images/COLORS/SOLID GEL POLISH/GIUP-64.jpg
GIUP-70,,/gelitup-content/product-images/COLORS/SOLID GEL POLISH/GIUP-70.jpg
GIUP-71,,/gelitup-content/product-images/COLORS/SOLID GEL POLISH/GIUP-71.jpg
GIUP-72,,/gelitup-content/product-images/COLORS/SOLID GEL POLISH/GIUP-72.jpg
GIUP-73,,/gelitup-content/product-images/COLORS/SOLID GEL POLISH/GIUP-73.jpg
GIUP-74,,/gelitup-content/product-images/COLORS/SOLID GEL POLISH/GIUP-74.jpg
GIUP-75,,/gelitup-content/product-images/COLORS/SOLID GEL POLISH/GIUP-75.jpg
GIUP-76,,/gelitup-content/product-images/COLORS/SOLID GEL POLISH/GIUP-76.jpg
GIUP-77,,/gelitup-content/product-images/COLORS/SOLID GEL POLISH/GIUP-77.jpg
GIUP-78,,/gelitup-content/product-images/COLORS/SOLID GEL POLISH/GIUP-78.jpg
GIUP-79,,/gelitup-content/product-images/COLORS/SOLID GEL POLISH/GIUP-79.jpg
GIUP-80,,/gelitup-content/product-images/COLORS/SOLID GEL POLISH/GIUP-80.jpg
GIUP-81,,/gelitup-content/product-images/COLORS/SOLID GEL POLISH/GIUP-81.jpg
GIUP-82,,/gelitup-content/product-images/COLORS/SOLID GEL POLISH/GIUP-82.jpg
GIUP-83,,/gelitup-content/product-images/COLORS/SOLID GEL POLISH/GIUP-83.jpg
GIUP-84,,/gelitup-content/product-images/COLORS/SOLID GEL POLISH/GIUP-84.jpg
GIUP-85,,/gelitup-content/product-images/COLORS/SOLID GEL POLISH/GIUP-85.jpg
GIUP-86,,/gelitup-content/product-images/COLORS/SOLID GEL POLISH/GIUP-86.jpg
GIUP-87,,/gelitup-content/product-images/COLORS/SOLID GEL POLISH/GIUP-87.jpg
GIUP-88,,/gelitup-content/product-images/COLORS/SOLID GEL POLISH/GIUP-88.jpg
GIUP-89,,/gelitup-content/product-images/COLORS/SOLID GEL POLISH/GIUP-89.jpg
GIUP-90,,/gelitup-content/product-images/COLORS/SOLID GEL POLISH/GIUP-90.jpg
GIUP-91,,/gelitup-content/product-images/COLORS/SOLID GEL POLISH/GIUP-91.jpg
GIUP-92,,/gelitup-content/product-images/COLORS/SOLID GEL POLISH/GIUP-92.jpg
GIUP-93,,/gelitup-content/product-images/COLORS/SOLID GEL POLISH/GIUP-93.jpg
GIUP-94,,/gelitup-content/product-images/COLORS/SOLID GEL POLISH/GIUP-94.jpg
GIUP-95,,/gelitup-content/product-images/COLORS/SOLID GEL POLISH/GIUP-95.jpg
GIUP-96,,/gelitup-content/product-images/COLORS/SOLID GEL POLISH/GIUP-96.jpg
GIUP-97,,/gelitup-content/product-images/COLORS/SOLID GEL POLISH/GIUP-97.jpg
GIUP-100,,/gelitup-content/product-images/COLORS/SOLID GEL POLISH/GIUP-100.jpg
GIUP-100A,,/gelitup-content/product-images/COLORS/SOLID GEL POLISH/GIUP-100A.jpg
GIUP-101,,/gelitup-content/product-images/COLORS/SOLID GEL POLISH/GIUP-101.jpg
GIUP-102,,/gelitup-content/product-images/COLORS/SOLID GEL POLISH/GIUP-102.jpg
GIUP-103,,/gelitup-content/product-images/COLORS/SOLID GEL POLISH/GIUP-103.jpg
GIUP-104,,/gelitup-content/product-images/COLORS/SOLID GEL POLISH/GIUP-104.jpg
GIUP-105,,/gelitup-content/product-images/COLORS/SOLID GEL POLISH/GIUP-105.jpg
GIUP-106,,/gelitup-content/product-images/COLORS/SOLID GEL POLISH/GIUP-106.jpg
GIUP-107,,/gelitup-content/product-images/COLORS/SOLID GEL POLISH/GIUP-107.jpg
GIUP-108,,/gelitup-content/product-images/COLORS/SOLID GEL POLISH/GIUP-108.jpg
GIUP-109,,/gelitup-content/product-images/COLORS/SOLID GEL POLISH/GIUP-109.jpg
GIUP-110,,/gelitup-content/product-images/COLORS/SOLID GEL POLISH/GIUP-110.jpg
GIUP-111,,/gelitup-content/product-images/COLORS/SOLID GEL POLISH/GIUP-111.jpg
GIUP-112,,/gelitup-content/product-images/COLORS/SOLID GEL POLISH/GIUP-112.jpg
GIUP-113,,/gelitup-content/product-images/COLORS/SOLID GEL POLISH/GIUP-113.jpg
GIUP-114,,/gelitup-content/product-images/COLORS/SOLID GEL POLISH/GIUP-114.jpg
GIUP-115,,/gelitup-content/product-images/COLORS/SOLID GEL POLISH/GIUP-115.jpg
GIUP-116,,/gelitup-content/product-images/COLORS/SOLID GEL POLISH/GIUP-116.jpg
GIUP-117,,/gelitup-content/product-images/COLORS/SOLID GEL POLISH/GIUP-117.jpg
GIUP-118,,/gelitup-content/product-images/COLORS/SOLID GEL POLISH/GIUP-118.jpg
GIUP-119,,/gelitup-content/product-images/COLORS/SOLID GEL POLISH/GIUP-119.jpg
GIUP-120,,/gelitup-content/product-images/COLORS/SOLID GEL POLISH/GIUP-120.jpg
GIUP-121,,/gelitup-content/product-images/COLORS/SOLID GEL POLISH/GIUP-121.jpg
GIUP-122,,/gelitup-content/product-images/COLORS/SOLID GEL POLISH/GIUP-122.jpg
GIUP-123,,/gelitup-content/product-images/COLORS/SOLID GEL POLISH/GIUP-123.jpg
GIUP-124,,/gelitup-content/product-images/COLORS/SOLID GEL POLISH/GIUP-124.jpg
GIUP-125,,/gelitup-content/product-images/COLORS/SOLID GEL POLISH/GIUP-125.jpg
GIUP-126,,/gelitup-content/product-images/COLORS/SOLID GEL POLISH/GIUP-126.jpg
GIUP-127,,/gelitup-content/product-images/COLORS/SOLID GEL POLISH/GIUP-127.jpg
GIUP-128,,/gelitup-content/product-images/COLORS/SOLID GEL POLISH/GIUP-128.jpg
GIUP-129,,/gelitup-content/product-images/COLORS/SOLID GEL POLISH/GIUP-129.jpg
GIUP-130,,/gelitup-content/product-images/COLORS/SOLID GEL POLISH/GIUP-130.jpg
GIUP-132,,/gelitup-content/product-images/COLORS/SOLID GEL POLISH/GIUP-132.jpg
GIUP-133,,/gelitup-content/product-images/COLORS/SOLID GEL POLISH/GIUP-133.jpg
GIUP-134,,/gelitup-content/product-images/COLORS/SOLID GEL POLISH/GIUP-134.jpg
GIUP-135,,/gelitup-content/product-images/COLORS/SOLID GEL POLISH/GIUP-135.jpg
GIUP-136,,/gelitup-content/product-images/COLORS/SOLID GEL POLISH/GIUP-136.jpg
GIUP-137,,/gelitup-content/product-images/COLORS/SOLID GEL POLISH/GIUP-137.jpg
GIUP-140,,/gelitup-content/product-images/COLORS/SOLID GEL POLISH/GIUP-140.jpg
GIUP-141,,/gelitup-content/product-images/COLORS/SOLID GEL POLISH/GIUP-141.jpg
GIUP-142,,/gelitup-content/product-images/COLORS/SOLID GEL POLISH/GIUP-142.jpg
GIUP-143,,/gelitup-content/product-images/COLORS/SOLID GEL POLISH/GIUP-143.jpg
GIUP-144,,/gelitup-content/product-images/COLORS/SOLID GEL POLISH/GIUP-144.jpg
GIUP-145,,/gelitup-content/product-images/COLORS/SOLID GEL POLISH/GIUP-145.jpg
GIUP-146,,/gelitup-content/product-images/COLORS/SOLID GEL POLISH/GIUP-146.jpg
GIUP-147,,/gelitup-content/product-images/COLORS/SOLID GEL POLISH/GIUP-147.jpg
GIUP-148,,/gelitup-content/product-images/COLORS/SOLID GEL POLISH/GIUP-148.jpg
GIUP-149,,/gelitup-content/product-images/COLORS/SOLID GEL POLISH/GIUP-149.jpg
GIUP-150,,/gelitup-content/product-images/COLORS/SOLID GEL POLISH/GIUP-150.jpg
GIUP-151,,/gelitup-content/product-images/COLORS/SOLID GEL POLISH/GIUP-151.jpg
GIUP-152,,/gelitup-content/product-images/COLORS/SOLID GEL POLISH/GIUP-152.jpg
GIUP-153,,/gelitup-content/product-images/COLORS/SOLID GEL POLISH/GIUP-153.jpg
GIUP-154,,/gelitup-content/product-images/COLORS/SOLID GEL POLISH/GIUP-154.jpg
GIUP-155,,/gelitup-content/product-images/COLORS/SOLID GEL POLISH/GIUP-155.jpg
GIUP-156,,/gelitup-content/product-images/COLORS/SOLID GEL POLISH/GIUP-156.jpg
GIUP-160,,/gelitup-content/product-images/COLORS/SOLID GEL POLISH/GIUP-160.jpg
GIUP-161,,/gelitup-content/product-images/COLORS/SOLID GEL POLISH/GIUP-161.jpg
GIUP-162,,/gelitup-content/product-images/COLORS/SOLID GEL POLISH/GIUP-162.jpg
GIUP-163,,/gelitup-content/product-images/COLORS/SOLID GEL POLISH/GIUP-163.jpg
GIUP-164,,/gelitup-content/product-images/COLORS/SOLID GEL POLISH/GIUP-164.jpg
GIUP-165,,/gelitup-content/product-images/COLORS/SOLID GEL POLISH/GIUP-165.jpg
GIUP-166,,/gelitup-content/product-images/COLORS/SOLID GEL POLISH/GIUP-166.jpg
GIUP-200,,/gelitup-content/product-images/COLORS/SOLID GEL POLISH/GIUP-200.jpg
GIUP-201,,/gelitup-content/product-images/COLORS/SOLID GEL POLISH/GIUP-201.jpg
GIUP-202,,/gelitup-content/product-images/COLORS/SOLID GEL POLISH/GIUP-202.jpg
GIUP-203,,/gelitup-content/product-images/COLORS/SOLID GEL POLISH/GIUP-203.jpg
GIUP-204,,/gelitup-content/product-images/COLORS/SOLID GEL POLISH/GIUP-204.jpg
GIUP-205,,/gelitup-content/product-images/COLORS/SOLID GEL POLISH/GIUP-205.jpg
GIUP-206,,/gelitup-content/product-images/COLORS/SOLID GEL POLISH/GIUP-206.jpg
GIUP-207,,/gelitup-content/product-images/COLORS/SOLID GEL POLISH/GIUP-207.jpg
GIUP-208,,/gelitup-content/product-images/COLORS/SOLID GEL POLISH/GIUP-208.jpg
GIUP-209,,/gelitup-content/product-images/COLORS/SOLID GEL POLISH/GIUP-209.jpg
GIUP-210,,/gelitup-content/product-images/COLORS/SOLID GEL POLISH/GIUP-210.jpg
GIUP-211,,/gelitup-content/product-images/COLORS/SOLID GEL POLISH/GIUP-211.jpg
GIUP-212,,/gelitup-content/product-images/COLORS/SOLID GEL POLISH/GIUP-212.jpg
GIUP-213,,/gelitup-content/product-images/COLORS/SOLID GEL POLISH/GIUP-213.jpg
GIUP-214,,/gelitup-content/product-images/COLORS/SOLID GEL POLISH/GIUP-214.jpg
GIUP-215,,/gelitup-content/product-images/COLORS/SOLID GEL POLISH/GIUP-215.jpg
GIUP-216,,/gelitup-content/product-images/COLORS/SOLID GEL POLISH/GIUP-216.jpg
GIUP-217,,/gelitup-content/product-images/COLORS/SOLID GEL POLISH/GIUP-217.jpg
GIUP-218,,/gelitup-content/product-images/COLORS/SOLID GEL POLISH/GIUP-218.jpg
GIUP-219,,/gelitup-content/product-images/COLORS/SOLID GEL POLISH/GIUP-219.jpg
GIUP-220,,/gelitup-content/product-images/COLORS/SOLID GEL POLISH/GIUP-220.jpg
GIUP-221,,/gelitup-content/product-images/COLORS/SOLID GEL POLISH/GIUP-221.jpg
GIUP-222,,/gelitup-content/product-images/COLORS/SOLID GEL POLISH/GIUP-222.jpg
GIUP-223,,/gelitup-content/product-images/COLORS/SOLID GEL POLISH/GIUP-223.jpg
GIUP-224,,/gelitup-content/product-images/COLORS/SOLID GEL POLISH/GIUP-224.jpg
GIUP-225,,/gelitup-content/product-images/COLORS/SOLID GEL POLISH/GIUP-225.jpg
GIUP-226,,/gelitup-content/product-images/COLORS/SOLID GEL POLISH/GIUP-226.jpg
GIUP-227,,/gelitup-content/product-images/COLORS/SOLID GEL POLISH/GIUP-227.jpg
GIUP-250,,/gelitup-content/product-images/COLORS/SOLID GEL POLISH/GIUP-250.jpg
GIUP-251,,/gelitup-content/product-images/COLORS/SOLID GEL POLISH/GIUP-251.jpg
GIUP-252,,/gelitup-content/product-images/COLORS/SOLID GEL POLISH/GIUP-252.jpg
GIUP-253,,/gelitup-content/product-images/COLORS/SOLID GEL POLISH/GIUP-253.jpg
GIUP-254,,/gelitup-content/product-images/COLORS/SOLID GEL POLISH/GIUP-254.jpg
GIUP-255,,/gelitup-content/product-images/COLORS/SOLID GEL POLISH/GIUP-255.jpg
GIUP-256,,/gelitup-content/product-images/COLORS/SOLID GEL POLISH/GIUP-256.jpg
GIUP-257,,/gelitup-content/product-images/COLORS/SOLID GEL POLISH/GIUP-257.jpg
GIUP-258,,/gelitup-content/product-images/COLORS/SOLID GEL POLISH/GIUP-258.jpg
GIUP-320,,/gelitup-content/product-images/COLORS/SOLID GEL POLISH/GIUP-320.jpg
GIUP-322,,/gelitup-content/product-images/COLORS/SOLID GEL POLISH/GIUP-322.jpg
GIUP-324,,/gelitup-content/product-images/COLORS/SOLID GEL POLISH/GIUP-324.jpg
GIUP-325,,/gelitup-content/product-images/COLORS/SOLID GEL POLISH/GIUP-325.jpg
GIUP-326,,/gelitup-content/product-images/COLORS/SOLID GEL POLISH/GIUP-326.jpg
GIUP-327,,/gelitup-content/product-images/COLORS/SOLID GEL POLISH/GIUP-327.jpg
GIUP-328,,/gelitup-content/product-images/COLORS/SOLID GEL POLISH/GIUP-328.jpg
GIUP-329,,/gelitup-content/product-images/COLORS/SOLID GEL POLISH/GIUP-329.jpg
GIUP-330,,/gelitup-content/product-images/COLORS/SOLID GEL POLISH/GIUP-330.jpg
GIUP-331,,/gelitup-content/product-images/COLORS/SOLID GEL POLISH/GIUP-331.webp
GIUP-500,,/gelitup-content/product-images/COLORS/SOLID GEL POLISH/GIUP-500.jpg
GIUP-501,,/gelitup-content/product-images/COLORS/SOLID GEL POLISH/GIUP-501.jpg
GIUP-502,,/gelitup-content/product-images/COLORS/SOLID GEL POLISH/GIUP-502.jpg
GIUP-503,,/gelitup-content/product-images/COLORS/SOLID GEL POLISH/GIUP-503.jpg
GIUP-600,,/gelitup-content/product-images/COLORS/SOLID GEL POLISH/GIUP-600.jpg
GIUP-601,,/gelitup-content/product-images/COLORS/SOLID GEL POLISH/GIUP-601.jpg
GIUP-602,,/gelitup-content/product-images/COLORS/SOLID GEL POLISH/GIUP-602.jpg
GIUP-603,,/gelitup-content/product-images/COLORS/SOLID GEL POLISH/GIUP-603.jpg
GIUP-604,,/gelitup-content/product-images/COLORS/SOLID GEL POLISH/GIUP-604.webp
GIUP-701,,/gelitup-content/product-images/COLORS/SOLID GEL POLISH/GIUP-701.jpg
GIUP-702,,/gelitup-content/product-images/COLORS/SOLID GEL POLISH/GIUP-702.jpg
GIUP-703,,/gelitup-content/product-images/COLORS/SOLID GEL POLISH/GIUP-703.jpg
GIUP-704,,/gelitup-content/product-images/COLORS/SOLID GEL POLISH/GIUP-704.jpg
GIUP-705,,/gelitup-content/product-images/COLORS/SOLID GEL POLISH/GIUP-705.jpg
GIUP-706,,/gelitup-content/product-images/COLORS/SOLID GEL POLISH/GIUP-706.jpg
GIUP-707,,/gelitup-content/product-images/COLORS/SOLID GEL POLISH/GIUP-707.jpg
GIUP-708,,/gelitup-content/product-images/COLORS/SOLID GEL POLISH/GIUP-708.jpg
GIUP-900,,/gelitup-content/product-images/COLORS/SOLID GEL POLISH/GIUP-900.jpg
GIUP-901,,/gelitup-content/product-images/COLORS/SOLID GEL POLISH/GIUP-901.jpg
GIUP-902,,/gelitup-content/product-images/COLORS/SOLID GEL POLISH/GIUP-902.jpg
GIUP-903,,/gelitup-content/product-images/COLORS/SOLID GEL POLISH/GIUP-903.jpg
GIUP-904,,/gelitup-content/product-images/COLORS/SOLID GEL POLISH/GIUP-904.jpg
GIUP-1801,,/gelitup-content/product-images/COLORS/SOLID GEL POLISH/GIUP-1801.jpg
GIUP-1802,,/gelitup-content/product-images/COLORS/SOLID GEL POLISH/GIUP-1802.jpg
GIUP-1803,,/gelitup-content/product-images/COLORS/SOLID GEL POLISH/GIUP-1803.jpg
GIUP-1804,,/gelitup-content/product-images/COLORS/SOLID GEL POLISH/GIUP-1804.jpg
GIUP-1805,,/gelitup-content/product-images/COLORS/SOLID GEL POLISH/GIUP-1805.jpg
GIUP-1806,,/gelitup-content/product-images/COLORS/SOLID GEL POLISH/GIUP-1806.jpg
GIUP-1807,,/gelitup-content/product-images/COLORS/SOLID GEL POLISH/GIUP-1807.jpg
GIUP-1808,,/gelitup-content/product-images/COLORS/SOLID GEL POLISH/GIUP-1808.jpg
GIUP-1809,,/gelitup-content/product-images/COLORS/SOLID GEL POLISH/GIUP-1809.jpg
GIUP-1810,,/gelitup-content/product-images/COLORS/SOLID GEL POLISH/GIUP-1810.jpg
GIUP-1811,,/gelitup-content/product-images/COLORS/SOLID GEL POLISH/GIUP-1811.jpg
GIUP-1812,,/gelitup-content/product-images/COLORS/SOLID GEL POLISH/GIUP-1812.jpg
GIUP-1813,,/gelitup-content/product-images/COLORS/SOLID GEL POLISH/GIUP-1813.jpg
GIUP-1814,,/gelitup-content/product-images/COLORS/SOLID GEL POLISH/GIUP-1814.jpg
GIUP-1815,,/gelitup-content/product-images/COLORS/SOLID GEL POLISH/GIUP-1815.jpg
GIUP-1816,,/gelitup-content/product-images/COLORS/SOLID GEL POLISH/GIUP-1816.jpg
GIUP-1817,,/gelitup-content/product-images/COLORS/SOLID GEL POLISH/GIUP-1817.jpg
GIUP-1818,,/gelitup-content/product-images/COLORS/SOLID GEL POLISH/GIUP-1818.jpg
GIUP-1819,,/gelitup-content/product-images/COLORS/SOLID GEL POLISH/GIUP-1819.jpg
GIUP-1820,,/gelitup-content/product-images/COLORS/SOLID GEL POLISH/GIUP-1820.jpg
GIUP-1821,,/gelitup-content/product-images/COLORS/SOLID GEL POLISH/GIUP-1821.jpg
GIUP-1822,,/gelitup-content/product-images/COLORS/SOLID GEL POLISH/GIUP-1822.jpg
GIUP-1823,,/gelitup-content/product-images/COLORS/SOLID GEL POLISH/GIUP-1823.jpg
GIUP-1900,,/gelitup-content/product-images/COLORS/SOLID GEL POLISH/GIUP-1900.jpg
GIUP-1901,,/gelitup-content/product-images/COLORS/SOLID GEL POLISH/GIUP-1901.jpg
GIUP-1902,,/gelitup-content/product-images/COLORS/SOLID GEL POLISH/GIUP-1902.jpg
GIUP-1903,,/gelitup-content/product-images/COLORS/SOLID GEL POLISH/GIUP-1903.jpg
GIUP-1904,,/gelitup-content/product-images/COLORS/SOLID GEL POLISH/GIUP-1904.jpg
GIUP-1905,,/gelitup-content/product-images/COLORS/SOLID GEL POLISH/GIUP-1905.jpg
GIUP-1906,,/gelitup-content/product-images/COLORS/SOLID GEL POLISH/GIUP-1906.jpg
GIUP-1907,,/gelitup-content/product-images/COLORS/SOLID GEL POLISH/GIUP-1907.jpg
GIUP-1908,,/gelitup-content/product-images/COLORS/SOLID GEL POLISH/GIUP-1908.jpg
GIUP-1909,,/gelitup-content/product-images/COLORS/SOLID GEL POLISH/GIUP-1909.jpg
GIUP-1910,,/gelitup-content/product-images/COLORS/SOLID GEL POLISH/GIUP-1910.jpg
GIUP-1911,,/gelitup-content/product-images/COLORS/SOLID GEL POLISH/GIUP-1911.jpg
GIUP-1912,,/gelitup-content/product-images/COLORS/SOLID GEL POLISH/GIUP-1912.jpg
GIUP-1913,,/gelitup-content/product-images/COLORS/SOLID GEL POLISH/GIUP-1913.jpg
GIUP-1914,,/gelitup-content/product-images/COLORS/SOLID GEL POLISH/GIUP-1914.jpg
GIUP-1915,,/gelitup-content/product-images/COLORS/SOLID GEL POLISH/GIUP-1915.jpg
GIUP-1916,,/gelitup-content/product-images/COLORS/SOLID GEL POLISH/GIUP-1916.jpg
GIUP-1917,,/gelitup-content/product-images/COLORS/SOLID GEL POLISH/GIUP-1917.jpg
GIUP-1918,,/gelitup-content/product-images/COLORS/SOLID GEL POLISH/GIUP-1918.jpg
GIUP-1919,,/gelitup-content/product-images/COLORS/SOLID GEL POLISH/GIUP-1919.jpg
GIUP-1920,,/gelitup-content/product-images/COLORS/SOLID GEL POLISH/GIUP-1920.jpg
GIUP-1921,,/gelitup-content/product-images/COLORS/SOLID GEL POLISH/GIUP-1921.jpg
GIUP-1922,,/gelitup-content/product-images/COLORS/SOLID GEL POLISH/GIUP-1922.jpg
GIUP-1923,,/gelitup-content/product-images/COLORS/SOLID GEL POLISH/GIUP-1923.jpg
GIUP-1924,,/gelitup-content/product-images/COLORS/SOLID GEL POLISH/GIUP-1924.jpg
GIUP-1925,,/gelitup-content/product-images/COLORS/SOLID GEL POLISH/GIUP-1925.jpg
GIUP-1926,,/gelitup-content/product-images/COLORS/SOLID GEL POLISH/GIUP-1926.jpg
GIUP-1927,,/gelitup-content/product-images/COLORS/SOLID GEL POLISH/GIUP-1927.jpg
GIUP-1928,,/gelitup-content/product-images/COLORS/SOLID GEL POLISH/GIUP-1928.jpg
GIUP-1929,,/gelitup-content/product-images/COLORS/SOLID GEL POLISH/GIUP-1929.jpg
GIUP-1930,,/gelitup-content/product-images/COLORS/SOLID GEL POLISH/GIUP-1930.jpg
GIUP-1931,,/gelitup-content/product-images/COLORS/SOLID GEL POLISH/GIUP-1931.jpg
GIUP-1932,,/gelitup-content/product-images/COLORS/SOLID GEL POLISH/GIUP-1932.jpg
GIUP-1933,,/gelitup-content/product-images/COLORS/SOLID GEL POLISH/GIUP-1933.jpg
GIUP-1934,,/gelitup-content/product-images/COLORS/SOLID GEL POLISH/GIUP-1934.jpg
GIUP-1935,,/gelitup-content/product-images/COLORS/SOLID GEL POLISH/GIUP-1935.jpg
GIUP-1936,,/gelitup-content/product-images/COLORS/SOLID GEL POLISH/GIUP-1936.jpg
GIUP-1937,,/gelitup-content/product-images/COLORS/SOLID GEL POLISH/GIUP-1937.jpg
GIUP-1938,,/gelitup-content/product-images/COLORS/SOLID GEL POLISH/GIUP-1938.jpg
GIUP-1939,,/gelitup-content/product-images/COLORS/SOLID GEL POLISH/GIUP-1939.jpg
GIUP-1940,,/gelitup-content/product-images/COLORS/SOLID GEL POLISH/GIUP-1940.jpg
GIUP-1941,,/gelitup-content/product-images/COLORS/SOLID GEL POLISH/GIUP-1941.jpg
GIUP-1942,,/gelitup-content/product-images/COLORS/SOLID GEL POLISH/GIUP-1942.jpg
GIUP-1943,,/gelitup-content/product-images/COLORS/SOLID GEL POLISH/GIUP-1943.jpg
GIUP-1944,,/gelitup-content/product-images/COLORS/SOLID GEL POLISH/GIUP-1944.jpg
GIUP-1945,,/gelitup-content/product-images/COLORS/SOLID GEL POLISH/GIUP-1945.jpg
GIUP-1946,,/gelitup-content/product-images/COLORS/SOLID GEL POLISH/GIUP-1946.jpg
GIUP-1947,,/gelitup-content/product-images/COLORS/SOLID GEL POLISH/GIUP-1947.jpg
GIUP-2020,,/gelitup-content/product-images/COLORS/SOLID GEL POLISH/GIUP-2020.jpg
GIUP-2021,,/gelitup-content/product-images/COLORS/SOLID GEL POLISH/GIUP-2021.jpg
GIUP-2022,,/gelitup-content/product-images/COLORS/SOLID GEL POLISH/GIUP-2022.jpg
GIUP-2023,,/gelitup-content/product-images/COLORS/SOLID GEL POLISH/GIUP-2023.jpg
GIUP-2024,,/gelitup-content/product-images/COLORS/SOLID GEL POLISH/GIUP-2024.jpg
GIUP-2025,,/gelitup-content/product-images/COLORS/SOLID GEL POLISH/GIUP-2025.jpg
GIUP-2026,,/gelitup-content/product-images/COLORS/SOLID GEL POLISH/GIUP-2026.jpg
GIUP-2027,,/gelitup-content/product-images/COLORS/SOLID GEL POLISH/GIUP-2027.jpg
GIUP-2028,,/gelitup-content/product-images/COLORS/SOLID GEL POLISH/GIUP-2028.jpg
GIUP-2029,,/gelitup-content/product-images/COLORS/SOLID GEL POLISH/GIUP-2029.jpg
GIUP-2030,,/gelitup-content/product-images/COLORS/SOLID GEL POLISH/GIUP-2030.jpg
GIUP-2031,,/gelitup-content/product-images/COLORS/SOLID GEL POLISH/GIUP-2031.jpg
GIUP-2032,,/gelitup-content/product-images/COLORS/SOLID GEL POLISH/GIUP-2032.jpg
GIUP-2033,,/gelitup-content/product-images/COLORS/SOLID GEL POLISH/GIUP-2033.jpg
GIUP-2034,,/gelitup-content/product-images/COLORS/SOLID GEL POLISH/GIUP-2034.jpg
GIUP-2035,,/gelitup-content/product-images/COLORS/SOLID GEL POLISH/GIUP-2035.jpg
GIUP-2036,,/gelitup-content/product-images/COLORS/SOLID GEL POLISH/GIUP-2036.jpg
GIUP-2037,,/gelitup-content/product-images/COLORS/SOLID GEL POLISH/GIUP-2037.jpg
GIUP-2038,,/gelitup-content/product-images/COLORS/SOLID GEL POLISH/GIUP-2038.jpg
GIUP-2039,,/gelitup-content/product-images/COLORS/SOLID GEL POLISH/GIUP-2039.jpg
GIUP-2040,,/gelitup-content/product-images/COLORS/SOLID GEL POLISH/GIUP-2040.jpg
GIUP-2041,,/gelitup-content/product-images/COLORS/SOLID GEL POLISH/GIUP-2041.jpg
GIUP-2042,,/gelitup-content/product-images/COLORS/SOLID GEL POLISH/GIUP-2042.jpg
GIUP-2043,,/gelitup-content/product-images/COLORS/SOLID GEL POLISH/GIUP-2043.jpg
GIUP-2044,,/gelitup-content/product-images/COLORS/SOLID GEL POLISH/GIUP-2044.jpg
GIUP-2045,,/gelitup-content/product-images/COLORS/SOLID GEL POLISH/GIUP-2045.jpg
GIUP-2046,,/gelitup-content/product-images/COLORS/SOLID GEL POLISH/GIUP-2046.jpg
GIUP-2047,,/gelitup-content/product-images/COLORS/SOLID GEL POLISH/GIUP-2047.jpg
GIUP-2048,,/gelitup-content/product-images/COLORS/SOLID GEL POLISH/GIUP-2048.jpg
GIUP-2049,,/gelitup-content/product-images/COLORS/SOLID GEL POLISH/GIUP-2049.jpg
GIUP-2050,,/gelitup-content/product-images/COLORS/SOLID GEL POLISH/GIUP-2050.jpg
GIUP-2051,,/gelitup-content/product-images/COLORS/SOLID GEL POLISH/GIUP-2051.jpg
GIUP-2052,,/gelitup-content/product-images/COLORS/SOLID GEL POLISH/GIUP-2052.jpg
GIUP-2053,,/gelitup-content/product-images/COLORS/SOLID GEL POLISH/GIUP-2053.jpg
GIUP-2054,,/gelitup-content/product-images/COLORS/SOLID GEL POLISH/GIUP-2054.jpg
GIUP-2055,,/gelitup-content/product-images/COLORS/SOLID GEL POLISH/GIUP-2055.jpg
GIUP-2056,,/gelitup-content/product-images/COLORS/SOLID GEL POLISH/GIUP-2056.jpg
GIUP-2057,,/gelitup-content/product-images/COLORS/SOLID GEL POLISH/GIUP-2057.jpg
GIUP-2058,,/gelitup-content/product-images/COLORS/SOLID GEL POLISH/GIUP-2058.jpg
GIUP-2059,,/gelitup-content/product-images/COLORS/SOLID GEL POLISH/GIUP-2059.jpg
GIUP-2060,,/gelitup-content/product-images/COLORS/SOLID GEL POLISH/GIUP-2060.jpg
GIUP-2061,,/gelitup-content/product-images/COLORS/SOLID GEL POLISH/GIUP-2061.jpg
GIUP-2062,,/gelitup-content/product-images/COLORS/SOLID GEL POLISH/GIUP-2062.jpg
GIUP-2063,,/gelitup-content/product-images/COLORS/SOLID GEL POLISH/GIUP-2063.jpg
GIUP-2100,,/gelitup-content/product-images/COLORS/SOLID GEL POLISH/GIUP-2100.jpg
GIUP-2101,,/gelitup-content/product-images/COLORS/SOLID GEL POLISH/GIUP-2101.jpg
GIUP-2102,,/gelitup-content/product-images/COLORS/SOLID GEL POLISH/GIUP-2102.jpg
GIUP-2103,,/gelitup-content/product-images/COLORS/SOLID GEL POLISH/GIUP-2103.jpg
GIUP-2104,,/gelitup-content/product-images/COLORS/SOLID GEL POLISH/GIUP-2104.jpg
GIUP-2105,,/gelitup-content/product-images/COLORS/SOLID GEL POLISH/GIUP-2105.jpg
GIUP-2106,,/gelitup-content/product-images/COLORS/SOLID GEL POLISH/GIUP-2106.jpg
GIUP-2107,,/gelitup-content/product-images/COLORS/SOLID GEL POLISH/GIUP-2107.jpg
GIUP-2108,,/gelitup-content/product-images/COLORS/SOLID GEL POLISH/GIUP-2108.jpg
GIUP-2109,,/gelitup-content/product-images/COLORS/SOLID GEL POLISH/GIUP-2109.jpg
GIUP-2110,,/gelitup-content/product-images/COLORS/SOLID GEL POLISH/GIUP-2110.jpg
GIUP-2111,,/gelitup-content/product-images/COLORS/SOLID GEL POLISH/GIUP-2111.jpg
GIUP-2112,,/gelitup-content/product-images/COLORS/SOLID GEL POLISH/GIUP-2112.jpg
GIUP-2113,,/gelitup-content/product-images/COLORS/SOLID GEL POLISH/GIUP-2113.jpg
GIUP-2113A,,/gelitup-content/product-images/COLORS/SOLID GEL POLISH/GIUP-2113A.jpg
GIUP-2113B,,/gelitup-content/product-images/COLORS/SOLID GEL POLISH/GIUP-2113B.jpg
GIUP-2113C,,/gelitup-content/product-images/COLORS/SOLID GEL POLISH/GIUP-2113C.jpg
GIUP-2113D,,/gelitup-content/product-images/COLORS/SOLID GEL POLISH/GIUP-2113D.jpg
GIUP-2113E,,/gelitup-content/product-images/COLORS/SOLID GEL POLISH/GIUP-2113E.jpg
GIUP-2113F,,/gelitup-content/product-images/COLORS/SOLID GEL POLISH/GIUP-2113F.jpg
GIUP-2113G,,/gelitup-content/product-images/COLORS/SOLID GEL POLISH/GIUP-2113G.jpg
GIUP-2113J,,/gelitup-content/product-images/COLORS/SOLID GEL POLISH/GIUP-2113J.jpg
GIUP-2113K,,/gelitup-content/product-images/COLORS/SOLID GEL POLISH/GIUP-2113K.jpg
GIUP-2113L,,/gelitup-content/product-images/COLORS/SOLID GEL POLISH/GIUP-2113L.jpg
GIUP-2113M,,/gelitup-content/product-images/COLORS/SOLID GEL POLISH/GIUP-2113M.jpg
GIUP-2113N,,/gelitup-content/product-images/COLORS/SOLID GEL POLISH/GIUP-2113N.jpg
GIUP-2113O,,/gelitup-content/product-images/COLORS/SOLID GEL POLISH/GIUP-2113O.webp
GIUP-2113P,,/gelitup-content/product-images/COLORS/SOLID GEL POLISH/GIUP-2113P.webp
GIUP-2113Q,,/gelitup-content/product-images/COLORS/SOLID GEL POLISH/GIUP-2113Q.webp
GIUP-2113R,,/gelitup-content/product-images/COLORS/SOLID GEL POLISH/GIUP-2113R.webp
GIUP-2120,,/gelitup-content/product-images/COLORS/SOLID GEL POLISH/GIUP-2120.jpg
GIUP-2121,,/gelitup-content/product-images/COLORS/SOLID GEL POLISH/GIUP-2121.jpg
GIUP-2122,,/gelitup-content/product-images/COLORS/SOLID GEL POLISH/GIUP-2122.jpg
GIUP-2123,,/gelitup-content/product-images/COLORS/SOLID GEL POLISH/GIUP-2123.jpg
GIUP-2124,,/gelitup-content/product-images/COLORS/SOLID GEL POLISH/GIUP-2124.jpg
GIUP-2125,,/gelitup-content/product-images/COLORS/SOLID GEL POLISH/GIUP-2125.jpg
GIUP-2126,,/gelitup-content/product-images/COLORS/SOLID GEL POLISH/GIUP-2126.jpg
GIUP-2127,,/gelitup-content/product-images/COLORS/SOLID GEL POLISH/GIUP-2127.jpg
GIUP-2128,,/gelitup-content/product-images/COLORS/SOLID GEL POLISH/GIUP-2128.jpg
GIUP-2129,,/gelitup-content/product-images/COLORS/SOLID GEL POLISH/GIUP-2129.jpg
GIUP-2130,,/gelitup-content/product-images/COLORS/SOLID GEL POLISH/GIUP-2130.jpg
GIUP-2131,,/gelitup-content/product-images/COLORS/SOLID GEL POLISH/GIUP-2131.jpg
GIUP-2132,,/gelitup-content/product-images/COLORS/SOLID GEL POLISH/GIUP-2132.jpg
GIUP-2133,,/gelitup-content/product-images/COLORS/SOLID GEL POLISH/GIUP-2133.jpg
GIUP-2134,,/gelitup-content/product-images/COLORS/SOLID GEL POLISH/GIUP-2134.jpg
GIUP-2135,,/gelitup-content/product-images/COLORS/SOLID GEL POLISH/GIUP-2135.jpg
GIUP-2136,,/gelitup-content/product-images/COLORS/SOLID GEL POLISH/GIUP-2136.jpg
GIUP-2137,,/gelitup-content/product-images/COLORS/SOLID GEL POLISH/GIUP-2137.jpg
GIUP-2138,,/gelitup-content/product-images/COLORS/SOLID GEL POLISH/GIUP-2138.jpg
GIUP-2139,,/gelitup-content/product-images/COLORS/SOLID GEL POLISH/GIUP-2139.jpg
GIUP-2140,,/gelitup-content/product-images/COLORS/SOLID GEL POLISH/GIUP-2140.jpg
GIUP-2141,,/gelitup-content/product-images/COLORS/SOLID GEL POLISH/GIUP-2141.jpg
GIUP-2142,,/gelitup-content/product-images/COLORS/SOLID GEL POLISH/GIUP-2142.jpg
GIUP-2143,,/gelitup-content/product-images/COLORS/SOLID GEL POLISH/GIUP-2143.jpg
GIUP-2144,,/gelitup-content/product-images/COLORS/SOLID GEL POLISH/GIUP-2144.jpg
GIUP-2145,,/gelitup-content/product-images/COLORS/SOLID GEL POLISH/GIUP-2145.jpg
GIUP-2145A,,/gelitup-content/product-images/COLORS/SOLID GEL POLISH/GIUP-2145A.jpg
GIUP-2146,,/gelitup-content/product-images/COLORS/SOLID GEL POLISH/GIUP-2146.jpg
GIUP-2200,,/gelitup-content/product-images/COLORS/SOLID GEL POLISH/GIUP-2200.jpg
GIUP-2201,,/gelitup-content/product-images/COLORS/SOLID GEL POLISH/GIUP-2201.jpg
GIUP-2202,,/gelitup-content/product-images/COLORS/SOLID GEL POLISH/GIUP-2202.jpg
GIUP-2203,,/gelitup-content/product-images/COLORS/SOLID GEL POLISH/GIUP-2203.jpg
GIUP-2204,,/gelitup-content/product-images/COLORS/SOLID GEL POLISH/GIUP-2204.jpg
GIUP-2205,,/gelitup-content/product-images/COLORS/SOLID GEL POLISH/GIUP-2205.jpg
GIUP-2206,,/gelitup-content/product-images/COLORS/SOLID GEL POLISH/GIUP-2206.jpg
GIUP-2207,,/gelitup-content/product-images/COLORS/SOLID GEL POLISH/GIUP-2207.jpg
GIUP-2208,,/gelitup-content/product-images/COLORS/SOLID GEL POLISH/GIUP-2208.jpg
GIUP-2209,,/gelitup-content/product-images/COLORS/SOLID GEL POLISH/GIUP-2209.jpg
GIUP-2210,,/gelitup-content/product-images/COLORS/SOLID GEL POLISH/GIUP-2210.jpg
GIUP-2211,,/gelitup-content/product-images/COLORS/SOLID GEL POLISH/GIUP-2211.jpg
GIUP-2212,,/gelitup-content/product-images/COLORS/SOLID GEL POLISH/GIUP-2212.jpg
GIUP-2213,,/gelitup-content/product-images/COLORS/SOLID GEL POLISH/GIUP-2213.jpg
GIUP-2214,,/gelitup-content/product-images/COLORS/SOLID GEL POLISH/GIUP-2214.jpg
GIUP-2215,,/gelitup-content/product-images/COLORS/SOLID GEL POLISH/GIUP-2215.jpg
GIUP-2216,,/gelitup-content/product-images/COLORS/SOLID GEL POLISH/GIUP-2216.jpg
GIUP-2217,,/gelitup-content/product-images/COLORS/SOLID GEL POLISH/GIUP-2217.jpg
GIUP-2218,,/gelitup-content/product-images/COLORS/SOLID GEL POLISH/GIUP-2218.jpg
GIUP-2219,,/gelitup-content/product-images/COLORS/SOLID GEL POLISH/GIUP-2219.jpg
GIUP-2220,,/gelitup-content/product-images/COLORS/SOLID GEL POLISH/GIUP-2220.jpg
GIUP-2221,,/gelitup-content/product-images/COLORS/SOLID GEL POLISH/GIUP-2221.jpg
GIUP-2222,,/gelitup-content/product-images/COLORS/SOLID GEL POLISH/GIUP-2222.jpg
GIUP-2223,,/gelitup-content/product-images/COLORS/SOLID GEL POLISH/GIUP-2223.jpg
GIUP-2224,,/gelitup-content/product-images/COLORS/SOLID GEL POLISH/GIUP-2224.jpg
GIUP-2225,,/gelitup-content/product-images/COLORS/SOLID GEL POLISH/GIUP-2225.jpg
GIUP-2226,,/gelitup-content/product-images/COLORS/SOLID GEL POLISH/GIUP-2226.jpg
GIUP-2227,,/gelitup-content/product-images/COLORS/SOLID GEL POLISH/GIUP-2227.jpg
GIUP-2228,,/gelitup-content/product-images/COLORS/SOLID GEL POLISH/GIUP-2228.jpg
GIUP-2229,,/gelitup-content/product-images/COLORS/SOLID GEL POLISH/GIUP-2229.jpg
GIUP-2230,,/gelitup-content/product-images/COLORS/SOLID GEL POLISH/GIUP-2230.jpg
GIUP-2231,,/gelitup-content/product-images/COLORS/SOLID GEL POLISH/GIUP-2231.jpg
GIUP-2232,,/gelitup-content/product-images/COLORS/SOLID GEL POLISH/GIUP-2232.jpg
GIUP-2233,,/gelitup-content/product-images/COLORS/SOLID GEL POLISH/GIUP-2233.jpg
GIUP-2300,,/gelitup-content/product-images/COLORS/SOLID GEL POLISH/GIUP-2300.jpg
GIUP-2301,,/gelitup-content/product-images/COLORS/SOLID GEL POLISH/GIUP-2301.jpg
GIUP-2302,,/gelitup-content/product-images/COLORS/SOLID GEL POLISH/GIUP-2302.jpg
GIUP-2303,,/gelitup-content/product-images/COLORS/SOLID GEL POLISH/GIUP-2303.jpg
GIUP-2304,,/gelitup-content/product-images/COLORS/SOLID GEL POLISH/GIUP-2304.jpg
GIUP-2305,,/gelitup-content/product-images/COLORS/SOLID GEL POLISH/GIUP-2305.jpg
GIUP-2306,,/gelitup-content/product-images/COLORS/SOLID GEL POLISH/GIUP-2306.jpg
GIUP-2307,,/gelitup-content/product-images/COLORS/SOLID GEL POLISH/GIUP-2307.jpg
GIUP-2308,,/gelitup-content/product-images/COLORS/SOLID GEL POLISH/GIUP-2308.jpg
GIUP-2309,,/gelitup-content/product-images/COLORS/SOLID GEL POLISH/GIUP-2309.jpg
GIUP-2310,,/gelitup-content/product-images/COLORS/SOLID GEL POLISH/GIUP-2310.jpg
GIUP-2311,,/gelitup-content/product-images/COLORS/SOLID GEL POLISH/GIUP-2311.jpg
GIUP-2312,,/gelitup-content/product-images/COLORS/SOLID GEL POLISH/GIUP-2312.jpg
GIUP-2313,,/gelitup-content/product-images/COLORS/SOLID GEL POLISH/GIUP-2313.jpg
GIUP-2314,,/gelitup-content/product-images/COLORS/SOLID GEL POLISH/GIUP-2314.jpg
GIUP-2315,,/gelitup-content/product-images/COLORS/SOLID GEL POLISH/GIUP-2315.jpg
GIUP-2316,,/gelitup-content/product-images/COLORS/SOLID GEL POLISH/GIUP-2316.jpg
GIUP-2317,,/gelitup-content/product-images/COLORS/SOLID GEL POLISH/GIUP-2317.jpg
GIUP-2318,,/gelitup-content/product-images/COLORS/SOLID GEL POLISH/GIUP-2318.jpg
GIUP-2319,,/gelitup-content/product-images/COLORS/SOLID GEL POLISH/GIUP-2319.jpg
GIUP-2320,,/gelitup-content/product-images/COLORS/SOLID GEL POLISH/GIUP-2320.jpg
GIUP-2321,,/gelitup-content/product-images/COLORS/SOLID GEL POLISH/GIUP-2321.jpg
GIUP-2322,,/gelitup-content/product-images/COLORS/SOLID GEL POLISH/GIUP-2322.jpg
GIUP-2323,,/gelitup-content/product-images/COLORS/SOLID GEL POLISH/GIUP-2323.jpg
GIUP-2324,,/gelitup-content/product-images/COLORS/SOLID GEL POLISH/GIUP-2324.jpg
GIUP-2325,,/gelitup-content/product-images/COLORS/SOLID GEL POLISH/GIUP-2325.jpg
GIUP-2326,,/gelitup-content/product-images/COLORS/SOLID GEL POLISH/GIUP-2326.jpg
GIUP-2327,,/gelitup-content/product-images/COLORS/SOLID GEL POLISH/GIUP-2327.jpg
GIUP-2328,,/gelitup-content/product-images/COLORS/SOLID GEL POLISH/GIUP-2328.jpg
GIUP-2329,,/gelitup-content/product-images/COLORS/SOLID GEL POLISH/GIUP-2329.jpg
GIUP-2330,,/gelitup-content/product-images/COLORS/SOLID GEL POLISH/GIUP-2330.jpg
GIUP-2331,,/gelitup-content/product-images/COLORS/SOLID GEL POLISH/GIUP-2331.jpg
GIUP-2332,,/gelitup-content/product-images/COLORS/SOLID GEL POLISH/GIUP-2332.jpg
GIUP-2400,,/gelitup-content/product-images/COLORS/SOLID GEL POLISH/GIUP-2400.jpg
GIUP-2401,,/gelitup-content/product-images/COLORS/SOLID GEL POLISH/GIUP-2401.jpg
GIUP-2402,,/gelitup-content/product-images/COLORS/SOLID GEL POLISH/GIUP-2402.jpg
GIUP-2403,,/gelitup-content/product-images/COLORS/SOLID GEL POLISH/GIUP-2403.jpg
GIUP-2404,,/gelitup-content/product-images/COLORS/SOLID GEL POLISH/GIUP-2404.jpg
GIUP-2405,,/gelitup-content/product-images/COLORS/SOLID GEL POLISH/GIUP-2405.jpg
GIUP-2406,,/gelitup-content/product-images/COLORS/SOLID GEL POLISH/GIUP-2406.jpg
GIUP-2407,,/gelitup-content/product-images/COLORS/SOLID GEL POLISH/GIUP-2407.jpg
GIUP-2408,,/gelitup-content/product-images/COLORS/SOLID GEL POLISH/GIUP-2408.jpg
GIUP-2409,,/gelitup-content/product-images/COLORS/SOLID GEL POLISH/GIUP-2409.jpg
GIUP-2410,,/gelitup-content/product-images/COLORS/SOLID GEL POLISH/GIUP-2410.jpg
GIUP-2411,,/gelitup-content/product-images/COLORS/SOLID GEL POLISH/GIUP-2411.jpg
GIUP-2412,,/gelitup-content/product-images/COLORS/SOLID GEL POLISH/GIUP-2412.jpg
GIUP-2413,,/gelitup-content/product-images/COLORS/SOLID GEL POLISH/GIUP-2413.jpg
GIUP-2414,,/gelitup-content/product-images/COLORS/SOLID GEL POLISH/GIUP-2414.jpg
GIUP-2415,,/gelitup-content/product-images/COLORS/SOLID GEL POLISH/GIUP-2415.jpg
GIUP-2416,,/gelitup-content/product-images/COLORS/SOLID GEL POLISH/GIUP-2416.jpg
GIUP-2417,,/gelitup-content/product-images/COLORS/SOLID GEL POLISH/GIUP-2417.jpg
GIUP-2418,,/gelitup-content/product-images/COLORS/SOLID GEL POLISH/GIUP-2418.jpg
GIUP-2419,,/gelitup-content/product-images/COLORS/SOLID GEL POLISH/GIUP-2419.jpg
GIUP-2420,,/gelitup-content/product-images/COLORS/SOLID GEL POLISH/GIUP-2420.jpg
GIUP-2421,,/gelitup-content/product-images/COLORS/SOLID GEL POLISH/GIUP-2421.jpg
GIUP-2422,,/gelitup-content/product-images/COLORS/SOLID GEL POLISH/GIUP-2422.jpg
GIUP-2423,,/gelitup-content/product-images/COLORS/SOLID GEL POLISH/GIUP-2423.jpg
GIUP-2424,,/gelitup-content/product-images/COLORS/SOLID GEL POLISH/GIUP-2424.jpg
GIUP-2425,,/gelitup-content/product-images/COLORS/SOLID GEL POLISH/GIUP-2425.jpg
GIUP-2426,,/gelitup-content/product-images/COLORS/SOLID GEL POLISH/GIUP-2426.jpg
GIUP-2427,,/gelitup-content/product-images/COLORS/SOLID GEL POLISH/GIUP-2427.jpg
GIUP-2428,,/gelitup-content/product-images/COLORS/SOLID GEL POLISH/GIUP-2428.jpg
GIUP-2429,,/gelitup-content/product-images/COLORS/SOLID GEL POLISH/GIUP-2429.jpg
GIUP-2430,,/gelitup-content/product-images/COLORS/SOLID GEL POLISH/GIUP-2430.jpg
GIUP-2431,,/gelitup-content/product-images/COLORS/SOLID GEL POLISH/GIUP-2431.jpg
GIUP-2432,,/gelitup-content/product-images/COLORS/SOLID GEL POLISH/GIUP-2432.jpg
GIUP-2433,,/gelitup-content/product-images/COLORS/SOLID GEL POLISH/GIUP-2433.jpg
GIUP-2434,,/gelitup-content/product-images/COLORS/SOLID GEL POLISH/GIUP-2434.jpg
GIUP-2435,,/gelitup-content/product-images/COLORS/SOLID GEL POLISH/GIUP-2435.jpg
GIUP-2436,,/gelitup-content/product-images/COLORS/SOLID GEL POLISH/GIUP-2436.jpg
GIUP-2437,,/gelitup-content/product-images/COLORS/SOLID GEL POLISH/GIUP-2437.jpg
GIUP-2438,,/gelitup-content/product-images/COLORS/SOLID GEL POLISH/GIUP-2438.jpg
GIUP-2439,,/gelitup-content/product-images/COLORS/SOLID GEL POLISH/GIUP-2439.jpg
GIUP-2440,,/gelitup-content/product-images/COLORS/SOLID GEL POLISH/GIUP-2440.jpg
GIUP-2441,,/gelitup-content/product-images/COLORS/SOLID GEL POLISH/GIUP-2441.jpg
GIUP-2442,,/gelitup-content/product-images/COLORS/SOLID GEL POLISH/GIUP-2442.jpg
GIUP-2443,,/gelitup-content/product-images/COLORS/SOLID GEL POLISH/GIUP-2443.jpg
GIUP-2444,,/gelitup-content/product-images/COLORS/SOLID GEL POLISH/GIUP-2444.jpg
GIUP-2445,,/gelitup-content/product-images/COLORS/SOLID GEL POLISH/GIUP-2445.jpg
GIUP-2446,,/gelitup-content/product-images/COLORS/SOLID GEL POLISH/GIUP-2446.jpg
GIUP-2447,,/gelitup-content/product-images/COLORS/SOLID GEL POLISH/GIUP-2447.jpg
GIUP-2448,,/gelitup-content/product-images/COLORS/SOLID GEL POLISH/GIUP-2448.jpg
GIUP-2449,,/gelitup-content/product-images/COLORS/SOLID GEL POLISH/GIUP-2449.jpg
GIUP-2450,,/gelitup-content/product-images/COLORS/SOLID GEL POLISH/GIUP-2450.jpg
GIUP-2451,,/gelitup-content/product-images/COLORS/SOLID GEL POLISH/GIUP-2451.jpg
GIUP-2452,,/gelitup-content/product-images/COLORS/SOLID GEL POLISH/GIUP-2452.jpg
GIUP-2453,,/gelitup-content/product-images/COLORS/SOLID GEL POLISH/GIUP-2453.jpg
GIUP-2454,,/gelitup-content/product-images/COLORS/SOLID GEL POLISH/GIUP-2454.jpg
GIUP-2455,,/gelitup-content/product-images/COLORS/SOLID GEL POLISH/GIUP-2455.jpg
GIUP-2456,,/gelitup-content/product-images/COLORS/SOLID GEL POLISH/GIUP-2456.jpg
GIUP-2457,,/gelitup-content/product-images/COLORS/SOLID GEL POLISH/GIUP-2457.jpg
GIUP-2458,,/gelitup-content/product-images/COLORS/SOLID GEL POLISH/GIUP-2458.jpg
GIUP-2459,,/gelitup-content/product-images/COLORS/SOLID GEL POLISH/GIUP-2459.jpg
GIUP-2460,,/gelitup-content/product-images/COLORS/SOLID GEL POLISH/GIUP-2460.jpg
GIUP-2461,,/gelitup-content/product-images/COLORS/SOLID GEL POLISH/GIUP-2461.jpg
GIUP-2500,,/gelitup-content/product-images/COLORS/SOLID GEL POLISH/GIUP-2500.webp
GIUP-2501,,/gelitup-content/product-images/COLORS/SOLID GEL POLISH/GIUP-2501.webp
GIUP-2502,,/gelitup-content/product-images/COLORS/SOLID GEL POLISH/GIUP-2502.webp
GIUP-2503,,/gelitup-content/product-images/COLORS/SOLID GEL POLISH/GIUP-2503.webp
GIUP-2504,,/gelitup-content/product-images/COLORS/SOLID GEL POLISH/GIUP-2504.webp
GIUP-2505,,/gelitup-content/product-images/COLORS/SOLID GEL POLISH/GIUP-2505.webp
GIUP-2506,,/gelitup-content/product-images/COLORS/SOLID GEL POLISH/GIUP-2506.webp
GIUP-2507,,/gelitup-content/product-images/COLORS/SOLID GEL POLISH/GIUP-2507.webp
GIUP-2508,,/gelitup-content/product-images/COLORS/SOLID GEL POLISH/GIUP-2508.webp
GIUP-2509,,/gelitup-content/product-images/COLORS/SOLID GEL POLISH/GIUP-2509.webp
GIUP-2510,,/gelitup-content/product-images/COLORS/SOLID GEL POLISH/GIUP-2510.webp
GIUP-2511,,/gelitup-content/product-images/COLORS/SOLID GEL POLISH/GIUP-2511.webp
GIUP-2512,,/gelitup-content/product-images/COLORS/SOLID GEL POLISH/GIUP-2512.webp
GIUP-2513,,/gelitup-content/product-images/COLORS/SOLID GEL POLISH/GIUP-2513.webp
GIUP-2514,,/gelitup-content/product-images/COLORS/SOLID GEL POLISH/GIUP-2514.webp
GIUP-2515,,/gelitup-content/product-images/COLORS/SOLID GEL POLISH/GIUP-2515.webp
GIUP-2516,,/gelitup-content/product-images/COLORS/SOLID GEL POLISH/GIUP-2516.webp
GIUP-2517,,/gelitup-content/product-images/COLORS/SOLID GEL POLISH/GIUP-2517.webp
GIUP-2518,,/gelitup-content/product-images/COLORS/SOLID GEL POLISH/GIUP-2518.webp
GIUP-2519,,/gelitup-content/product-images/COLORS/SOLID GEL POLISH/GIUP-2519.webp
GIUP-2520,,/gelitup-content/product-images/COLORS/SOLID GEL POLISH/GIUP-2520.webp
GIUP-2521,,/gelitup-content/product-images/COLORS/SOLID GEL POLISH/GIUP-2521.webp
GIUP-2522,,/gelitup-content/product-images/COLORS/SOLID GEL POLISH/GIUP-2522.webp
GIUP-2523,,/gelitup-content/product-images/COLORS/SOLID GEL POLISH/GIUP-2523.webp
GIUP-2524,,/gelitup-content/product-images/COLORS/SOLID GEL POLISH/GIUP-2524.webp
GIUP-2525,,/gelitup-content/product-images/COLORS/SOLID GEL POLISH/GIUP-2525.webp
GIUP-2526,,/gelitup-content/product-images/COLORS/SOLID GEL POLISH/GIUP-2526.webp
GIUP-2528,,/gelitup-content/product-images/COLORS/SOLID GEL POLISH/GIUP-2528.webp
GIUP-2600,,/gelitup-content/product-images/COLORS/SOLID GEL POLISH/GIUP-2600.webp
GIUP-2601,,/gelitup-content/product-images/COLORS/SOLID GEL POLISH/GIUP-2601.webp
GIUP-2602,,/gelitup-content/product-images/COLORS/SOLID GEL POLISH/GIUP-2602.webp
GIUP-2603,,/gelitup-content/product-images/COLORS/SOLID GEL POLISH/GIUP-2603.webp
GIUP-2604,,/gelitup-content/product-images/COLORS/SOLID GEL POLISH/GIUP-2604.webp
GIUP-2605,,/gelitup-content/product-images/COLORS/SOLID GEL POLISH/GIUP-2605.webp
GIUP-2606,,/gelitup-content/product-images/COLORS/SOLID GEL POLISH/GIUP-2606.webp
GIUP-2607,,/gelitup-content/product-images/COLORS/SOLID GEL POLISH/GIUP-2607.webp
GIUP-2608,,/gelitup-content/product-images/COLORS/SOLID GEL POLISH/GIUP-2608.webp
GIUP-2609,,/gelitup-content/product-images/COLORS/SOLID GEL POLISH/GIUP-2609.webp
GIUP-2610,,/gelitup-content/product-images/COLORS/SOLID GEL POLISH/GIUP-2610.webp
GIUP-AD01,,/gelitup-content/product-images/COLORS/SOLID GEL POLISH/GIUP-AD01.jpg
GIUP-AD02,,/gelitup-content/product-images/COLORS/SOLID GEL POLISH/GIUP-AD02.jpg
GIUP-AD03,,/gelitup-content/product-images/COLORS/SOLID GEL POLISH/GIUP-AD03.jpg
GIUP-B2BBlue0003,,/gelitup-content/product-images/COLORS/SOLID GEL POLISH/GIUP-B2BBlue0003.jpg
GIUP-B2BRed0001,,/gelitup-content/product-images/COLORS/SOLID GEL POLISH/GIUP-B2BRed0001.jpg
GIUP-B2BYellow0002,,/gelitup-content/product-images/COLORS/SOLID GEL POLISH/GIUP-B2BYellow0002.jpg
GIUP-FFF,,/gelitup-content/product-images/COLORS/SOLID GEL POLISH/GIUP-FFF.jpg
GIUP-FR01,,/gelitup-content/product-images/COLORS/SOLID GEL POLISH/GIUP-FR01.jpg
GIUP-FR02,,/gelitup-content/product-images/COLORS/SOLID GEL POLISH/GIUP-FR02.jpg
GIUP-FR03,,/gelitup-content/product-images/COLORS/SOLID GEL POLISH/GIUP-FR03.jpg
GIUP-FR04,,/gelitup-content/product-images/COLORS/SOLID GEL POLISH/GIUP-FR04.webp
GIUP-FR05,,/gelitup-content/product-images/COLORS/SOLID GEL POLISH/GIUP-FR05.webp
GIUP-FR06,,/gelitup-content/product-images/COLORS/SOLID GEL POLISH/GIUP-FR06.webp
GIUP-FR08,,/gelitup-content/product-images/COLORS/SOLID GEL POLISH/GIUP-FR08.webp
GIUP-N001,,/gelitup-content/product-images/COLORS/SOLID GEL POLISH/GIUP-N001.jpg
GIUP-N002,,/gelitup-content/product-images/COLORS/SOLID GEL POLISH/GIUP-N002.jpg
GIUP-N003,,/gelitup-content/product-images/COLORS/SOLID GEL POLISH/GIUP-N003.jpg
GIUP-N004,,/gelitup-content/product-images/COLORS/SOLID GEL POLISH/GIUP-N004.jpg
GIUP-N005,,/gelitup-content/product-images/COLORS/SOLID GEL POLISH/GIUP-N005.jpg
GIUP-N006,,/gelitup-content/product-images/COLORS/SOLID GEL POLISH/GIUP-N006.jpg
GIUP-N007,,/gelitup-content/product-images/COLORS/SOLID GEL POLISH/GIUP-N007.jpg
GIUP-N008,,/gelitup-content/product-images/COLORS/SOLID GEL POLISH/GIUP-N008.jpg
GIUP-N009,,/gelitup-content/product-images/COLORS/SOLID GEL POLISH/GIUP-N009.jpg
GIUP-N010,,/gelitup-content/product-images/COLORS/SOLID GEL POLISH/GIUP-N010.jpg
GIUP-N011,,/gelitup-content/product-images/COLORS/SOLID GEL POLISH/GIUP-N011.jpg
GIUP-N012,,/gelitup-content/product-images/COLORS/SOLID GEL POLISH/GIUP-N012.jpg
GIUP-N013,,/gelitup-content/product-images/COLORS/SOLID GEL POLISH/GIUP-N013.jpg
GIUP-N014,,/gelitup-content/product-images/COLORS/SOLID GEL POLISH/GIUP-N014.jpg
GIUP-N015,,/gelitup-content/product-images/COLORS/SOLID GEL POLISH/GIUP-N015.jpg
GIUP-N016,,/gelitup-content/product-images/COLORS/SOLID GEL POLISH/GIUP-N016.jpg
GIUP-N017,,/gelitup-content/product-images/COLORS/SOLID GEL POLISH/GIUP-N017.jpg
GIUP-N018,,/gelitup-content/product-images/COLORS/SOLID GEL POLISH/GIUP-N018.jpg
GIUP-N019,,/gelitup-content/product-images/COLORS/SOLID GEL POLISH/GIUP-N019.jpg
GIUP-N020,,/gelitup-content/product-images/COLORS/SOLID GEL POLISH/GIUP-N020.jpg
GIUP-N021,,/gelitup-content/product-images/COLORS/SOLID GEL POLISH/GIUP-N021.jpg
GIUP-N022,,/gelitup-content/product-images/COLORS/SOLID GEL POLISH/GIUP-N022.jpg
GIUP-N023,,/gelitup-content/product-images/COLORS/SOLID GEL POLISH/GIUP-N023.jpg
GIUP-N025,,/gelitup-content/product-images/COLORS/SOLID GEL POLISH/GIUP-N025.webp
GIUP131,,/gelitup-content/product-images/COLORS/SOLID GEL POLISH/GIUP131.jpg