Collection,Code,Qty
Pod_1,01,6
Pod_1,102,6
Pod_1,05,6
Pod_1,04,6
Pod_1,09,6
Pod_1,08,6
Pod_1,010,6
Pod_1,07B,6
Pod_1,2511,6
Pod_1,100A,6
Pod_1,02,6
Pod_1,06,6
Pod_1,11,6
Pod_1,1801,6
Pod_1,051A,6
Pod_1,1803,6
Pod_1,023,6
Pod_1,025,6
Pod_1,015,6
Pod_1,1802,6
Pod_1,019,6
Pod_1,152,6
Pod_1,120,6
Pod_1,07,6
Pod_1,2020,6
Pod_1,2037,6
Pod_1,2026,6
Pod_1,2113J,6
Pod_1,GCE01,6
Pod_1,F01,6
Pod_2,2032,6
Pod_2,2035,6
Pod_2,2039,6
Pod_2,2038,6
Pod_2,030,6
Pod_2,2029,6
Pod_2,2516,6
Pod_2,2519,6
Pod_2,2512,6
Pod_2,2521,6
Pod_2,1927,6
Pod_2,2027,6
Pod_2,1926,6
Pod_2,2526,6
Pod_2,2034,6
Pod_2,2033,6
Pod_2,2113R,6
Pod_2,2113G,6
Pod_2,GCE02,6
Pod_2,GCE05,6
Pod_2,112,6
Pod_2,2518,6
Pod_2,061,6
Pod_2,088,6
Pod_2,141,6
Pod_2,ST01,6
Pod_2,ST02,6
Pod_2,2022,6
Pod_2,2023,6
Pod_2,2025,6
